MEMBER_MONTH_START_DATE,PRIMARY_CHRONIC_CONDITION_ROLLUP_DESC,count,prevalence_pct
2022-09-30,101 - MAJOR PSYCHOSIS,5067,0.5798086528460057
2022-09-30,102 - SEVERE DEMENTIA,7905,0.9045564240670368
2022-09-30,103 - CANCER,21898,2.505752887314354
2022-09-30,104 - RENAL FAILURE AND/OR POST KIDNEY TRANSPLANT,23846,2.7286593913096215
2022-09-30,"105 - LIVER DISEASE (HEPATITIS, CIRRHOSIS) – POST TRANSPLANT",7484,0.8563820718175461
2022-09-30,106 - HIV,1923,0.22004579424173454
2022-09-30,107 - SEVERE RHEUMATIC & OTHER CONNECTIVE TISSUE DISEASE,5748,0.6577343865322361
2022-09-30,108 - SEVERE HEART FAILURE/TRANSPLANT/RHEUMATIC HEART DISEASE/NON-RHEUMATIC VALVULAR HEART DISEASE,13791,1.5780819284387733
2022-09-30,109 - HEMOPHILIA & SICKLE CELL & CHRONIC BLOOD DISORDERS,2415,0.2763445621912579
2022-09-30,110 - BOTH CAD & DIABETES,3915,0.4479871474032194
2022-09-30,111 - CAD,6649,0.7608343660495543
2022-09-30,112 - DIABETES,38355,4.388900903869854
2022-09-30,113 - HYPERTENSION (INCLUDES STROKE & PERIPHERAL VASCULAR DISEASE),56440,6.458338339575402
2022-09-30,114 - COPD,3115,0.3564444352901733
2022-09-30,115 - ASTHMA,21083,2.4124937493491885
2022-09-30,116 - NEUROLOGIC DISORDERS,12239,1.4004890669394638
2022-09-30,117 - INTELLECTUAL DISABILITY,10516,1.2033289507259908
2022-09-30,118 - CONGENITAL ANOMALIES,3566,0.4080516392439029
2022-09-30,119 - CYSTIC FIBROSIS,28,0.003203994923956613
2022-09-30,120 - CHRONIC MUSCULOSKETETAL/OSTEO ARTHRITIS/OSTEPOROSIS,12167,1.39225022284929
2022-09-30,"121 - DEPRESSION, SUBSTANCE ABUSE AND OTHER MENTAL HEALTH DISORDER",34455,3.942630182318754
2022-09-30,122 - GASTROINTESTINAL  DISORDERS,6265,0.7168938642352922
2022-09-30,123 - THYROID DISORDERS,9805,1.121970365335521
2022-09-30,124 - DERMATOLOGIC DISORDERS,1043,0.11934881091738385
2022-09-30,125 - UNHEALTHY NEWBORNS AND PREEMIES,6,0.0006865703408478458
2022-09-30,126 - OTHER CHRONIC CONDITIONS,43203,4.943649739274913
2022-09-30,128 - HEALTHY CHILD (2-5),42382,4.8497040309688995
2022-09-30,129 - HEALTHY MALE (6-15),52264,5.980485382345301
2022-09-30,130 - HEALTHY MALE (16-40),108644,12.431958018512224
2022-09-30,131 - HEALTHY MALE (41-64),54039,6.183595774846123
2022-09-30,132 - HEALTHY MALE (65-69),6217,0.7114013015085094
2022-09-30,133 - HEALTHY MALE (70-74),4059,0.46446483558356766
2022-09-30,134 - HEALTHY MALE (75-79),2329,0.26650372063910543
2022-09-30,135 - HEALTHY MALE (80-84),1269,0.14520962708931937
2022-09-30,136 - HEALTHY MALE (85+),974,0.11145325199763362
2022-09-30,137 - HEALTHY FEMALE (6-15),50897,5.824061773022134
2022-09-30,138 - HEALTHY FEMALE (16-40),117073,13.396474919013308
2022-09-30,139 - HEALTHY FEMALE (41-64),56956,6.517383388888316
2022-09-30,140 - HEALTHY FEMALE (65-69),7110,0.8135858539046972
2022-09-30,141 - HEALTHY FEMALE (70-74),4664,0.5336940116190587
2022-09-30,142 - HEALTHY FEMALE (75-79),3071,0.35140958612395573
2022-09-30,143 - HEALTHY FEMALE (80-84),1965,0.22485178662766947
2022-09-30,144 - HEALTHY FEMALE (85+),1774,0.2029959641106797
2022-09-30,145 - OTHER HEALTHY (UNKNOWN AGE OR GENDER),5295,0.6058983257982239
2022-10-31,101 - MAJOR PSYCHOSIS,5062,0.5853390040217484
2022-10-31,102 - SEVERE DEMENTIA,7702,0.8906126054870617
2022-10-31,103 - CANCER,21745,2.5144600241906203
2022-10-31,104 - RENAL FAILURE AND/OR POST KIDNEY TRANSPLANT,23879,2.7612228520417488
2022-10-31,"105 - LIVER DISEASE (HEPATITIS, CIRRHOSIS) – POST TRANSPLANT",7519,0.8694515944763979
2022-10-31,106 - HIV,1974,0.22826139745929108
2022-10-31,107 - SEVERE RHEUMATIC & OTHER CONNECTIVE TISSUE DISEASE,5598,0.6473187958344029
2022-10-31,108 - SEVERE HEART FAILURE/TRANSPLANT/RHEUMATIC HEART DISEASE/NON-RHEUMATIC VALVULAR HEART DISEASE,13780,1.5934356924969761
2022-10-31,109 - HEMOPHILIA & SICKLE CELL & CHRONIC BLOOD DISORDERS,2302,0.26618932976255727
2022-10-31,110 - BOTH CAD & DIABETES,4057,0.46912689437302124
2022-10-31,111 - CAD,6664,0.770584575820018
2022-10-31,112 - DIABETES,38084,4.403802969017042
2022-10-31,113 - HYPERTENSION (INCLUDES STROKE & PERIPHERAL VASCULAR DISEASE),55995,6.474922467443264
2022-10-31,114 - COPD,3001,0.3470174537868959
2022-10-31,115 - ASTHMA,20906,2.4174431485734242
2022-10-31,116 - NEUROLOGIC DISORDERS,11991,1.386566573928247
2022-10-31,117 - INTELLECTUAL DISABILITY,10313,1.1925328226938545
2022-10-31,118 - CONGENITAL ANOMALIES,3365,0.38910820792832546
2022-10-31,119 - CYSTIC FIBROSIS,34,0.003931553958265398
2022-10-31,120 - CHRONIC MUSCULOSKETETAL/OSTEO ARTHRITIS/OSTEPOROSIS,12092,1.398245601863094
2022-10-31,"121 - DEPRESSION, SUBSTANCE ABUSE AND OTHER MENTAL HEALTH DISORDER",34575,3.9980434737360633
2022-10-31,122 - GASTROINTESTINAL  DISORDERS,6402,0.7402884835533847
2022-10-31,123 - THYROID DISORDERS,9772,1.129974861181455
2022-10-31,124 - DERMATOLOGIC DISORDERS,1045,0.12083746724668651
2022-10-31,125 - UNHEALTHY NEWBORNS AND PREEMIES,6,0.0006938036396938939
2022-10-31,126 - OTHER CHRONIC CONDITIONS,42440,4.907504411434809
2022-10-31,128 - HEALTHY CHILD (2-5),40764,4.713701928080314
2022-10-31,129 - HEALTHY MALE (6-15),50546,5.84483312866126
2022-10-31,130 - HEALTHY MALE (16-40),107963,12.484187058711976
2022-10-31,131 - HEALTHY MALE (41-64),53501,6.1865314212105025
2022-10-31,132 - HEALTHY MALE (65-69),6494,0.7509268060286911
2022-10-31,133 - HEALTHY MALE (70-74),4031,0.46612041193434767
2022-10-31,134 - HEALTHY MALE (75-79),2460,0.28445949227449646
2022-10-31,135 - HEALTHY MALE (80-84),1350,0.1561058189311261
2022-10-31,136 - HEALTHY MALE (85+),1011,0.1169059132884211
2022-10-31,137 - HEALTHY FEMALE (6-15),49730,5.7504758336628905
2022-10-31,138 - HEALTHY FEMALE (16-40),116088,13.423712820797457
2022-10-31,139 - HEALTHY FEMALE (41-64),56743,6.561416654525103
2022-10-31,140 - HEALTHY FEMALE (65-69),6986,0.8078187044835905
2022-10-31,141 - HEALTHY FEMALE (70-74),4842,0.5598995372329724
2022-10-31,142 - HEALTHY FEMALE (75-79),3221,0.372456920575672
2022-10-31,143 - HEALTHY FEMALE (80-84),1966,0.2273363259396992
2022-10-31,144 - HEALTHY FEMALE (85+),1907,0.22051392348270926
2022-10-31,145 - OTHER HEALTHY (UNKNOWN AGE OR GENDER),4892,0.5656812342304214
2022-11-30,101 - MAJOR PSYCHOSIS,5014,0.5786196908412142
2022-11-30,102 - SEVERE DEMENTIA,7563,0.8727763705289395
2022-11-30,103 - CANCER,21845,2.5209308229809184
2022-11-30,104 - RENAL FAILURE AND/OR POST KIDNEY TRANSPLANT,23657,2.7300371013623064
2022-11-30,"105 - LIVER DISEASE (HEPATITIS, CIRRHOSIS) – POST TRANSPLANT",7547,0.8709299574747994
2022-11-30,106 - HIV,1957,0.22583939668453457
2022-11-30,107 - SEVERE RHEUMATIC & OTHER CONNECTIVE TISSUE DISEASE,5687,0.6562844399309903
2022-11-30,108 - SEVERE HEART FAILURE/TRANSPLANT/RHEUMATIC HEART DISEASE/NON-RHEUMATIC VALVULAR HEART DISEASE,13933,1.6078795677085436
2022-11-30,109 - HEMOPHILIA & SICKLE CELL & CHRONIC BLOOD DISORDERS,2333,0.26923010345683146
2022-11-30,110 - BOTH CAD & DIABETES,3953,0.45617942518853605
2022-11-30,111 - CAD,6648,0.7671846239952916
2022-11-30,112 - DIABETES,38175,4.405426146362855
2022-11-30,113 - HYPERTENSION (INCLUDES STROKE & PERIPHERAL VASCULAR DISEASE),55881,6.448712992400857
2022-11-30,114 - COPD,3070,0.3542805047631687
2022-11-30,115 - ASTHMA,21304,2.4584989815878
2022-11-30,116 - NEUROLOGIC DISORDERS,12185,1.4061589415437166
2022-11-30,117 - INTELLECTUAL DISABILITY,10359,1.1954370517399557
2022-11-30,118 - CONGENITAL ANOMALIES,3494,0.4032104506978864
2022-11-30,119 - CYSTIC FIBROSIS,24,0.0027696195812104392
2022-11-30,120 - CHRONIC MUSCULOSKETETAL/OSTEO ARTHRITIS/OSTEPOROSIS,12156,1.4028123178830874
2022-11-30,"121 - DEPRESSION, SUBSTANCE ABUSE AND OTHER MENTAL HEALTH DISORDER",34294,3.95755557991795
2022-11-30,122 - GASTROINTESTINAL  DISORDERS,6389,0.7372958126813957
2022-11-30,123 - THYROID DISORDERS,9808,1.1318512021879996
2022-11-30,124 - DERMATOLOGIC DISORDERS,1073,0.12382507544328339
2022-11-30,125 - UNHEALTHY NEWBORNS AND PREEMIES,5,0.0005770040794188415
2022-11-30,126 - OTHER CHRONIC CONDITIONS,42289,4.880185102908677
2022-11-30,128 - HEALTHY CHILD (2-5),40927,4.7230091916749855
2022-11-30,129 - HEALTHY MALE (6-15),50733,5.854629592231217
2022-11-30,130 - HEALTHY MALE (16-40),108516,12.522834936443001
2022-11-30,131 - HEALTHY MALE (41-64),53600,6.18548373136998
2022-11-30,132 - HEALTHY MALE (65-69),6341,0.7317565735189747
2022-11-30,133 - HEALTHY MALE (70-74),3964,0.45744883416325754
2022-11-30,134 - HEALTHY MALE (75-79),2521,0.2909254568429799
2022-11-30,135 - HEALTHY MALE (80-84),1348,0.15556029981131966
2022-11-30,136 - HEALTHY MALE (85+),1045,0.12059385259853786
2022-11-30,137 - HEALTHY FEMALE (6-15),49903,5.758846915047689
2022-11-30,138 - HEALTHY FEMALE (16-40),116882,13.488278162126607
2022-11-30,139 - HEALTHY FEMALE (41-64),56417,6.510567829714556
2022-11-30,140 - HEALTHY FEMALE (65-69),7062,0.8149605617711717
2022-11-30,141 - HEALTHY FEMALE (70-74),4790,0.5527699080832502
2022-11-30,142 - HEALTHY FEMALE (75-79),3157,0.3643203757450565
2022-11-30,143 - HEALTHY FEMALE (80-84),2087,0.24084150274942445
2022-11-30,144 - HEALTHY FEMALE (85+),1889,0.2179921412044383
2022-11-30,145 - OTHER HEALTHY (UNKNOWN AGE OR GENDER),4720,0.5446918509713863
2022-12-31,101 - MAJOR PSYCHOSIS,5050,0.581012733958296
2022-12-31,102 - SEVERE DEMENTIA,7732,0.8895822691020879
2022-12-31,103 - CANCER,21930,2.5230909417238476
2022-12-31,104 - RENAL FAILURE AND/OR POST KIDNEY TRANSPLANT,23795,2.737662971195575
2022-12-31,"105 - LIVER DISEASE (HEPATITIS, CIRRHOSIS) – POST TRANSPLANT",7569,0.8708287887782856
2022-12-31,106 - HIV,2009,0.23113952129152804
2022-12-31,107 - SEVERE RHEUMATIC & OTHER CONNECTIVE TISSUE DISEASE,5696,0.6553363430943472
2022-12-31,108 - SEVERE HEART FAILURE/TRANSPLANT/RHEUMATIC HEART DISEASE/NON-RHEUMATIC VALVULAR HEART DISEASE,14058,1.6174013889080643
2022-12-31,109 - HEMOPHILIA & SICKLE CELL & CHRONIC BLOOD DISORDERS,2342,0.26945184612481765
2022-12-31,110 - BOTH CAD & DIABETES,3817,0.4391535852512506
2022-12-31,111 - CAD,6658,0.7660163926127395
2022-12-31,112 - DIABETES,38410,4.41914833887884
2022-12-31,113 - HYPERTENSION (INCLUDES STROKE & PERIPHERAL VASCULAR DISEASE),56219,6.468109879287414
2022-12-31,114 - COPD,2970,0.34170451878339386
2022-12-31,115 - ASTHMA,21255,2.4454308238185307
2022-12-31,116 - NEUROLOGIC DISORDERS,12053,1.3867220757226417
2022-12-31,117 - INTELLECTUAL DISABILITY,10476,1.2052850298905164
2022-12-31,118 - CONGENITAL ANOMALIES,3414,0.3927876185611133
2022-12-31,119 - CYSTIC FIBROSIS,20,0.0023010405305279044
2022-12-31,120 - CHRONIC MUSCULOSKETETAL/OSTEO ARTHRITIS/OSTEPOROSIS,12283,1.4131840418237127
2022-12-31,"121 - DEPRESSION, SUBSTANCE ABUSE AND OTHER MENTAL HEALTH DISORDER",34463,3.9650379901791593
2022-12-31,122 - GASTROINTESTINAL  DISORDERS,6345,0.7300051083099778
2022-12-31,123 - THYROID DISORDERS,9672,1.1127832005632947
2022-12-31,124 - DERMATOLOGIC DISORDERS,1068,0.12287556433019012
2022-12-31,125 - UNHEALTHY NEWBORNS AND PREEMIES,6,0.0006903121591583714
2022-12-31,126 - OTHER CHRONIC CONDITIONS,42023,4.834831310718707
2022-12-31,128 - HEALTHY CHILD (2-5),40795,4.693547422144293
2022-12-31,129 - HEALTHY MALE (6-15),50613,5.823128218580442
2022-12-31,130 - HEALTHY MALE (16-40),109782,12.630641576120722
2022-12-31,131 - HEALTHY MALE (41-64),53440,6.1483802975705615
2022-12-31,132 - HEALTHY MALE (65-69),6192,0.7124021482514393
2022-12-31,133 - HEALTHY MALE (70-74),3976,0.4574468574689475
2022-12-31,134 - HEALTHY MALE (75-79),2549,0.29326761561578146
2022-12-31,135 - HEALTHY MALE (80-84),1319,0.15175362298831532
2022-12-31,136 - HEALTHY MALE (85+),1087,0.12506155283419162
2022-12-31,137 - HEALTHY FEMALE (6-15),50090,5.762956008707137
2022-12-31,138 - HEALTHY FEMALE (16-40),117299,13.495487659519634
2022-12-31,139 - HEALTHY FEMALE (41-64),56784,6.533114274274827
2022-12-31,140 - HEALTHY FEMALE (65-69),7065,0.8128425674089824
2022-12-31,141 - HEALTHY FEMALE (70-74),4907,0.5645602941650214
2022-12-31,142 - HEALTHY FEMALE (75-79),3180,0.3658654443539368
2022-12-31,143 - HEALTHY FEMALE (80-84),2036,0.2342459260077407
2022-12-31,144 - HEALTHY FEMALE (85+),1859,0.21388171731256872
2022-12-31,145 - OTHER HEALTHY (UNKNOWN AGE OR GENDER),4866,0.5598431610774393
2023-01-31,101 - MAJOR PSYCHOSIS,4887,0.5578334101919029
2023-01-31,102 - SEVERE DEMENTIA,7500,0.8560979284713058
2023-01-31,103 - CANCER,21580,2.463279106188104
2023-01-31,104 - RENAL FAILURE AND/OR POST KIDNEY TRANSPLANT,23581,2.6916860335042485
2023-01-31,"105 - LIVER DISEASE (HEPATITIS, CIRRHOSIS) – POST TRANSPLANT",7333,0.8370354812640115
2023-01-31,106 - HIV,1948,0.22235716862161384
2023-01-31,107 - SEVERE RHEUMATIC & OTHER CONNECTIVE TISSUE DISEASE,5641,0.6438997886008849
2023-01-31,108 - SEVERE HEART FAILURE/TRANSPLANT/RHEUMATIC HEART DISEASE/NON-RHEUMATIC VALVULAR HEART DISEASE,14024,1.6007889798508792
2023-01-31,109 - HEMOPHILIA & SICKLE CELL & CHRONIC BLOOD DISORDERS,2368,0.27029865261600694
2023-01-31,110 - BOTH CAD & DIABETES,3827,0.4368382363012917
2023-01-31,111 - CAD,6626,0.756333983206783
2023-01-31,112 - DIABETES,38047,4.342927717939704
2023-01-31,113 - HYPERTENSION (INCLUDES STROKE & PERIPHERAL VASCULAR DISEASE),54963,6.2738280590091176
2023-01-31,114 - COPD,3012,0.3438089280740764
2023-01-31,115 - ASTHMA,21210,2.421044941716853
2023-01-31,116 - NEUROLOGIC DISORDERS,11985,1.3680444896971466
2023-01-31,117 - INTELLECTUAL DISABILITY,10542,1.2033312482592675
2023-01-31,118 - CONGENITAL ANOMALIES,3388,0.38672797088810457
2023-01-31,119 - CYSTIC FIBROSIS,14,0.0015980494664797709
2023-01-31,120 - CHRONIC MUSCULOSKETETAL/OSTEO ARTHRITIS/OSTEPOROSIS,11851,1.3527488733751263
2023-01-31,"121 - DEPRESSION, SUBSTANCE ABUSE AND OTHER MENTAL HEALTH DISORDER",34530,3.941474862681892
2023-01-31,122 - GASTROINTESTINAL  DISORDERS,6484,0.7401251957610596
2023-01-31,123 - THYROID DISORDERS,9464,1.0802814393403253
2023-01-31,124 - DERMATOLOGIC DISORDERS,1028,0.11734248939580033
2023-01-31,125 - UNHEALTHY NEWBORNS AND PREEMIES,4,0.0004565855618513631
2023-01-31,126 - OTHER CHRONIC CONDITIONS,41497,4.736732765036504
2023-01-31,128 - HEALTHY CHILD (2-5),41036,4.684111279033135
2023-01-31,129 - HEALTHY MALE (6-15),50834,5.802517612788048
2023-01-31,130 - HEALTHY MALE (16-40),111010,12.671390805279955
2023-01-31,131 - HEALTHY MALE (41-64),55819,6.37153736924531
2023-01-31,132 - HEALTHY MALE (65-69),7037,0.8032481496870105
2023-01-31,133 - HEALTHY MALE (70-74),4426,0.5052119241885333
2023-01-31,134 - HEALTHY MALE (75-79),2847,0.3249747736477077
2023-01-31,135 - HEALTHY MALE (80-84),1456,0.1661971445138962
2023-01-31,136 - HEALTHY MALE (85+),1115,0.12727322536606747
2023-01-31,137 - HEALTHY FEMALE (6-15),50078,5.716222941598141
2023-01-31,138 - HEALTHY FEMALE (16-40),118842,13.565385335384924
2023-01-31,139 - HEALTHY FEMALE (41-64),58586,6.68738043165599
2023-01-31,140 - HEALTHY FEMALE (65-69),7846,0.8955925795714488
2023-01-31,141 - HEALTHY FEMALE (70-74),5250,0.5992685499299142
2023-01-31,142 - HEALTHY FEMALE (75-79),3443,0.3930060223635608
2023-01-31,143 - HEALTHY FEMALE (80-84),2226,0.2540898651702836
2023-01-31,144 - HEALTHY FEMALE (85+),1986,0.2266947314592018
2023-01-31,145 - OTHER HEALTHY (UNKNOWN AGE OR GENDER),4897,0.5589748740965312
2023-02-28,101 - MAJOR PSYCHOSIS,5018,0.5721041644577153
2023-02-28,102 - SEVERE DEMENTIA,7599,0.8663649951602588
2023-02-28,103 - CANCER,21738,2.478357976680314
2023-02-28,104 - RENAL FAILURE AND/OR POST KIDNEY TRANSPLANT,23801,2.713561422530506
2023-02-28,"105 - LIVER DISEASE (HEPATITIS, CIRRHOSIS) – POST TRANSPLANT",7420,0.845957134371512
2023-02-28,106 - HIV,2020,0.2303009988450747
2023-02-28,107 - SEVERE RHEUMATIC & OTHER CONNECTIVE TISSUE DISEASE,5629,0.641764516088577
2023-02-28,108 - SEVERE HEART FAILURE/TRANSPLANT/RHEUMATIC HEART DISEASE/NON-RHEUMATIC VALVULAR HEART DISEASE,14113,1.6090287112378907
2023-02-28,109 - HEMOPHILIA & SICKLE CELL & CHRONIC BLOOD DISORDERS,2422,0.27613317782315394
2023-02-28,110 - BOTH CAD & DIABETES,3913,0.44612267746573137
2023-02-28,111 - CAD,6759,0.7705962629672574
2023-02-28,112 - DIABETES,38138,4.3481284623531975
2023-02-28,113 - HYPERTENSION (INCLUDES STROKE & PERIPHERAL VASCULAR DISEASE),55053,6.276614301692028
2023-02-28,114 - COPD,3066,0.34955587250445497
2023-02-28,115 - ASTHMA,21165,2.4130300200772306
2023-02-28,116 - NEUROLOGIC DISORDERS,11981,1.365958548100416
2023-02-28,117 - INTELLECTUAL DISABILITY,10728,1.2231035225791889
2023-02-28,118 - CONGENITAL ANOMALIES,3433,0.3913976876411591
2023-02-28,119 - CYSTIC FIBROSIS,26,0.002964270282164328
2023-02-28,120 - CHRONIC MUSCULOSKETETAL/OSTEO ARTHRITIS/OSTEPOROSIS,12103,1.3798678163474944
2023-02-28,"121 - DEPRESSION, SUBSTANCE ABUSE AND OTHER MENTAL HEALTH DISORDER",34283,3.908618387824602
2023-02-28,122 - GASTROINTESTINAL  DISORDERS,6507,0.741865643309357
2023-02-28,123 - THYROID DISORDERS,9513,1.0845808920857405
2023-02-28,124 - DERMATOLOGIC DISORDERS,1009,0.11503648902706949
2023-02-28,125 - UNHEALTHY NEWBORNS AND PREEMIES,1,0.00011401039546785875
2023-02-28,126 - OTHER CHRONIC CONDITIONS,42033,4.792198952700507
2023-02-28,128 - HEALTHY CHILD (2-5),40603,4.629164087181469
2023-02-28,129 - HEALTHY MALE (6-15),50854,5.79788465112249
2023-02-28,130 - HEALTHY MALE (16-40),110711,12.622204892642111
2023-02-28,131 - HEALTHY MALE (41-64),55985,6.382871990268073
2023-02-28,132 - HEALTHY MALE (65-69),7150,0.8151743275951902
2023-02-28,133 - HEALTHY MALE (70-74),4411,0.502899854408725
2023-02-28,134 - HEALTHY MALE (75-79),2753,0.3138706187230152
2023-02-28,135 - HEALTHY MALE (80-84),1448,0.16508705263745949
2023-02-28,136 - HEALTHY MALE (85+),1163,0.13259408992911972
2023-02-28,137 - HEALTHY FEMALE (6-15),50123,5.714543052035484
2023-02-28,138 - HEALTHY FEMALE (16-40),118270,13.484009471983654
2023-02-28,139 - HEALTHY FEMALE (41-64),58426,6.661171365605116
2023-02-28,140 - HEALTHY FEMALE (65-69),8102,0.9237122240805917
2023-02-28,141 - HEALTHY FEMALE (70-74),5379,0.6132619172216123
2023-02-28,142 - HEALTHY FEMALE (75-79),3527,0.40211466481513786
2023-02-28,143 - HEALTHY FEMALE (80-84),2296,0.2617678679942037
2023-02-28,144 - HEALTHY FEMALE (85+),2094,0.2387377681096962
2023-02-28,145 - OTHER HEALTHY (UNKNOWN AGE OR GENDER),4347,0.49560318909878204
2023-03-31,101 - MAJOR PSYCHOSIS,5173,0.5885558707111253
2023-03-31,102 - SEVERE DEMENTIA,7561,0.860249553150361
2023-03-31,103 - CANCER,21663,2.4646985940875905
2023-03-31,104 - RENAL FAILURE AND/OR POST KIDNEY TRANSPLANT,23887,2.717733246409559
2023-03-31,"105 - LIVER DISEASE (HEPATITIS, CIRRHOSIS) – POST TRANSPLANT",7349,0.8361293434865764
2023-03-31,106 - HIV,2000,0.2275491477715543
2023-03-31,107 - SEVERE RHEUMATIC & OTHER CONNECTIVE TISSUE DISEASE,5509,0.6267841275367464
2023-03-31,108 - SEVERE HEART FAILURE/TRANSPLANT/RHEUMATIC HEART DISEASE/NON-RHEUMATIC VALVULAR HEART DISEASE,14019,1.5950057513047098
2023-03-31,109 - HEMOPHILIA & SICKLE CELL & CHRONIC BLOOD DISORDERS,2337,0.2658911791710612
2023-03-31,110 - BOTH CAD & DIABETES,3862,0.4393974043468714
2023-03-31,111 - CAD,6666,0.7584213095225906
2023-03-31,112 - DIABETES,38181,4.344027005532858
2023-03-31,113 - HYPERTENSION (INCLUDES STROKE & PERIPHERAL VASCULAR DISEASE),54481,6.198552559871025
2023-03-31,114 - COPD,3057,0.3478088723688208
2023-03-31,115 - ASTHMA,21263,2.4191887645332795
2023-03-31,116 - NEUROLOGIC DISORDERS,11944,1.3589235104917223
2023-03-31,117 - INTELLECTUAL DISABILITY,10556,1.2010044019382637
2023-03-31,118 - CONGENITAL ANOMALIES,3424,0.389564140984901
2023-03-31,119 - CYSTIC FIBROSIS,28,0.00318568806880176
2023-03-31,120 - CHRONIC MUSCULOSKETETAL/OSTEO ARTHRITIS/OSTEPOROSIS,12010,1.3664326323681837
2023-03-31,"121 - DEPRESSION, SUBSTANCE ABUSE AND OTHER MENTAL HEALTH DISORDER",34182,3.8890424845636344
2023-03-31,122 - GASTROINTESTINAL  DISORDERS,6315,0.7184864340886827
2023-03-31,123 - THYROID DISORDERS,9462,1.0765350181072233
2023-03-31,124 - DERMATOLOGIC DISORDERS,1078,0.12264899064886776
2023-03-31,125 - UNHEALTHY NEWBORNS AND PREEMIES,2,0.00022754914777155428
2023-03-31,126 - OTHER CHRONIC CONDITIONS,42078,4.787406519965732
2023-03-31,128 - HEALTHY CHILD (2-5),40338,4.5894387614044785
2023-03-31,129 - HEALTHY MALE (6-15),50933,5.794880371724288
2023-03-31,130 - HEALTHY MALE (16-40),111829,12.723296823072575
2023-03-31,131 - HEALTHY MALE (41-64),56779,6.46000653066054
2023-03-31,132 - HEALTHY MALE (65-69),7184,0.817356538795423
2023-03-31,133 - HEALTHY MALE (70-74),4458,0.5072070503827946
2023-03-31,134 - HEALTHY MALE (75-79),2749,0.31276630361200136
2023-03-31,135 - HEALTHY MALE (80-84),1425,0.16212876778723243
2023-03-31,136 - HEALTHY MALE (85+),1145,0.13027188709921483
2023-03-31,137 - HEALTHY FEMALE (6-15),49922,5.679854277525767
2023-03-31,138 - HEALTHY FEMALE (16-40),119627,13.610510950233865
2023-03-31,139 - HEALTHY FEMALE (41-64),59122,6.7265803572749165
2023-03-31,140 - HEALTHY FEMALE (65-69),7996,0.9097414927906741
2023-03-31,141 - HEALTHY FEMALE (70-74),5272,0.5998195535258172
2023-03-31,142 - HEALTHY FEMALE (75-79),3605,0.4101573388582266
2023-03-31,143 - HEALTHY FEMALE (80-84),2266,0.25781318442517104
2023-03-31,144 - HEALTHY FEMALE (85+),2090,0.23778885942127426
2023-03-31,145 - OTHER HEALTHY (UNKNOWN AGE OR GENDER),4104,0.46693085122722944
2023-04-30,101 - MAJOR PSYCHOSIS,5266,0.5985621323633884
2023-04-30,102 - SEVERE DEMENTIA,7473,0.8494217271461453
2023-04-30,103 - CANCER,21808,2.478815606262965
2023-04-30,104 - RENAL FAILURE AND/OR POST KIDNEY TRANSPLANT,24051,2.7337671563752095
2023-04-30,"105 - LIVER DISEASE (HEPATITIS, CIRRHOSIS) – POST TRANSPLANT",7513,0.8539683441789094
2023-04-30,106 - HIV,2072,0.23551476229717824
2023-04-30,107 - SEVERE RHEUMATIC & OTHER CONNECTIVE TISSUE DISEASE,5606,0.6372083771418828
2023-04-30,108 - SEVERE HEART FAILURE/TRANSPLANT/RHEUMATIC HEART DISEASE/NON-RHEUMATIC VALVULAR HEART DISEASE,14395,1.6362138046659658
2023-04-30,109 - HEMOPHILIA & SICKLE CELL & CHRONIC BLOOD DISORDERS,2412,0.27416100707567276
2023-04-30,110 - BOTH CAD & DIABETES,3825,0.4347702537580631
2023-04-30,111 - CAD,6705,0.7621266801170754
2023-04-30,112 - DIABETES,38456,4.371117615299366
2023-04-30,113 - HYPERTENSION (INCLUDES STROKE & PERIPHERAL VASCULAR DISEASE),55042,6.256372367934983
2023-04-30,114 - COPD,3174,0.36077406154982805
2023-04-30,115 - ASTHMA,21262,2.416754283765736
2023-04-30,116 - NEUROLOGIC DISORDERS,11727,1.3329544485806029
2023-04-30,117 - INTELLECTUAL DISABILITY,10629,1.2081498110312294
2023-04-30,118 - CONGENITAL ANOMALIES,3197,0.3633883663436674
2023-04-30,119 - CYSTIC FIBROSIS,18,0.0020459776647438264
2023-04-30,120 - CHRONIC MUSCULOSKETETAL/OSTEO ARTHRITIS/OSTEPOROSIS,12289,1.396834417890938
2023-04-30,"121 - DEPRESSION, SUBSTANCE ABUSE AND OTHER MENTAL HEALTH DISORDER",34390,3.9089539939188995
2023-04-30,122 - GASTROINTESTINAL  DISORDERS,6471,0.7355289704754057
2023-04-30,123 - THYROID DISORDERS,9388,1.0670910175897248
2023-04-30,124 - DERMATOLOGIC DISORDERS,1097,0.12469097212355432
2023-04-30,125 - UNHEALTHY NEWBORNS AND PREEMIES,3,0.0003409962774573044
2023-04-30,126 - OTHER CHRONIC CONDITIONS,42419,4.821573697820465
2023-04-30,128 - HEALTHY CHILD (2-5),40233,4.57310107697991
2023-04-30,129 - HEALTHY MALE (6-15),51088,5.806939274246256
2023-04-30,130 - HEALTHY MALE (16-40),112043,12.735415305049585
2023-04-30,131 - HEALTHY MALE (41-64),56269,6.39583984541502
2023-04-30,132 - HEALTHY MALE (65-69),7116,0.8088431701287261
2023-04-30,133 - HEALTHY MALE (70-74),4434,0.503992498081896
2023-04-30,134 - HEALTHY MALE (75-79),2743,0.31178426302179535
2023-04-30,135 - HEALTHY MALE (80-84),1397,0.15879059986928476
2023-04-30,136 - HEALTHY MALE (85+),1097,0.12469097212355432
2023-04-30,137 - HEALTHY FEMALE (6-15),50149,5.70020743940212
2023-04-30,138 - HEALTHY FEMALE (16-40),119595,13.59381660083544
2023-04-30,139 - HEALTHY FEMALE (41-64),58347,6.632036600267114
2023-04-30,140 - HEALTHY FEMALE (65-69),8050,0.9150066778437669
2023-04-30,141 - HEALTHY FEMALE (70-74),5071,0.5763973743286636
2023-04-30,142 - HEALTHY FEMALE (75-79),3486,0.39623767440538776
2023-04-30,143 - HEALTHY FEMALE (80-84),2261,0.2569975277769884
2023-04-30,144 - HEALTHY FEMALE (85+),2120,0.24097070273649512
2023-04-30,145 - OTHER HEALTHY (UNKNOWN AGE OR GENDER),3588,0.4078315478389361
2023-05-31,101 - MAJOR PSYCHOSIS,5192,0.590118023604721
2023-05-31,102 - SEVERE DEMENTIA,7506,0.8531251704886432
2023-05-31,103 - CANCER,22137,2.5160713960974013
2023-05-31,104 - RENAL FAILURE AND/OR POST KIDNEY TRANSPLANT,24175,2.747708632635618
2023-05-31,"105 - LIVER DISEASE (HEPATITIS, CIRRHOSIS) – POST TRANSPLANT",7565,0.859831057120515
2023-05-31,106 - HIV,2010,0.22845478186546403
2023-05-31,107 - SEVERE RHEUMATIC & OTHER CONNECTIVE TISSUE DISEASE,5623,0.639105093746022
2023-05-31,108 - SEVERE HEART FAILURE/TRANSPLANT/RHEUMATIC HEART DISEASE/NON-RHEUMATIC VALVULAR HEART DISEASE,14318,1.6273709287312008
2023-05-31,109 - HEMOPHILIA & SICKLE CELL & CHRONIC BLOOD DISORDERS,2409,0.2738047609521904
2023-05-31,110 - BOTH CAD & DIABETES,3984,0.4528178362945316
2023-05-31,111 - CAD,6651,0.7559466438742294
2023-05-31,112 - DIABETES,38870,4.417929040353525
2023-05-31,113 - HYPERTENSION (INCLUDES STROKE & PERIPHERAL VASCULAR DISEASE),55533,6.311830547927768
2023-05-31,114 - COPD,3103,0.352684173198276
2023-05-31,115 - ASTHMA,21533,2.4474213024423066
2023-05-31,116 - NEUROLOGIC DISORDERS,11996,1.3634545090836347
2023-05-31,117 - INTELLECTUAL DISABILITY,10873,1.2358153448871594
2023-05-31,118 - CONGENITAL ANOMALIES,3346,0.3803033333939515
2023-05-31,119 - CYSTIC FIBROSIS,24,0.0027278182909309134
2023-05-31,120 - CHRONIC MUSCULOSKETETAL/OSTEO ARTHRITIS/OSTEPOROSIS,12317,1.3999390787248358
2023-05-31,"121 - DEPRESSION, SUBSTANCE ABUSE AND OTHER MENTAL HEALTH DISORDER",34823,3.9579506810452996
2023-05-31,122 - GASTROINTESTINAL  DISORDERS,6524,0.7415119387513867
2023-05-31,123 - THYROID DISORDERS,9590,1.0899907254178107
2023-05-31,124 - DERMATOLOGIC DISORDERS,1073,0.12195620942370292
2023-05-31,125 - UNHEALTHY NEWBORNS AND PREEMIES,2,0.00022731819091090946
2023-05-31,126 - OTHER CHRONIC CONDITIONS,42632,4.845514557456946
2023-05-31,128 - HEALTHY CHILD (2-5),39818,4.5256778628452965
2023-05-31,129 - HEALTHY MALE (6-15),51079,5.805592936769172
2023-05-31,130 - HEALTHY MALE (16-40),112057,12.73629725945189
2023-05-31,131 - HEALTHY MALE (41-64),55391,6.295690956373093
2023-05-31,132 - HEALTHY MALE (65-69),6970,0.7922038953245194
2023-05-31,133 - HEALTHY MALE (70-74),4371,0.49680390623579257
2023-05-31,134 - HEALTHY MALE (75-79),2761,0.3138127625525105
2023-05-31,135 - HEALTHY MALE (80-84),1430,0.16253250650130024
2023-05-31,136 - HEALTHY MALE (85+),1121,0.12741184600556477
2023-05-31,137 - HEALTHY FEMALE (6-15),50247,5.711028569350233
2023-05-31,138 - HEALTHY FEMALE (16-40),118687,13.489857062321557
2023-05-31,139 - HEALTHY FEMALE (41-64),57578,6.544263398134172
2023-05-31,140 - HEALTHY FEMALE (65-69),8027,0.9123415592209351
2023-05-31,141 - HEALTHY FEMALE (70-74),5154,0.5857989779774136
2023-05-31,142 - HEALTHY FEMALE (75-79),3612,0.4105366527851025
2023-05-31,143 - HEALTHY FEMALE (80-84),2204,0.2505046463838222
2023-05-31,144 - HEALTHY FEMALE (85+),2134,0.2425485097019404
2023-05-31,145 - OTHER HEALTHY (UNKNOWN AGE OR GENDER),3374,0.38348578806670425
2023-06-30,101 - MAJOR PSYCHOSIS,5169,0.5894877535031128
2023-06-30,102 - SEVERE DEMENTIA,7529,0.8586289990568652
2023-06-30,103 - CANCER,21984,2.5071191280735987
2023-06-30,104 - RENAL FAILURE AND/OR POST KIDNEY TRANSPLANT,24301,2.7713565288990414
2023-06-30,"105 - LIVER DISEASE (HEPATITIS, CIRRHOSIS) – POST TRANSPLANT",7535,0.8593132564608154
2023-06-30,106 - HIV,2003,0.22842793001871445
2023-06-30,107 - SEVERE RHEUMATIC & OTHER CONNECTIVE TISSUE DISEASE,5606,0.6393245010908204
2023-06-30,108 - SEVERE HEART FAILURE/TRANSPLANT/RHEUMATIC HEART DISEASE/NON-RHEUMATIC VALVULAR HEART DISEASE,14574,1.6620612341950793
2023-06-30,109 - HEMOPHILIA & SICKLE CELL & CHRONIC BLOOD DISORDERS,2389,0.27244848967284513
2023-06-30,110 - BOTH CAD & DIABETES,3908,0.4456796557729087
2023-06-30,111 - CAD,6851,0.7813079124104906
2023-06-30,112 - DIABETES,39077,4.4564544290271115
2023-06-30,113 - HYPERTENSION (INCLUDES STROKE & PERIPHERAL VASCULAR DISEASE),55607,6.341583576909962
2023-06-30,114 - COPD,3160,0.3603755660804482
2023-06-30,115 - ASTHMA,21423,2.4431410608042534
2023-06-30,116 - NEUROLOGIC DISORDERS,12019,1.370681623012945
2023-06-30,117 - INTELLECTUAL DISABILITY,10873,1.2399884588584533
2023-06-30,118 - CONGENITAL ANOMALIES,3270,0.3729202851528688
2023-06-30,119 - CYSTIC FIBROSIS,28,0.0031932012184343506
2023-06-30,120 - CHRONIC MUSCULOSKETETAL/OSTEO ARTHRITIS/OSTEPOROSIS,12240,1.3958851040584448
2023-06-30,"121 - DEPRESSION, SUBSTANCE ABUSE AND OTHER MENTAL HEALTH DISORDER",34390,3.921935353641333
2023-06-30,122 - GASTROINTESTINAL  DISORDERS,6506,0.741963111683353
2023-06-30,123 - THYROID DISORDERS,9454,1.0781615828242268
2023-06-30,124 - DERMATOLOGIC DISORDERS,1062,0.12111356049918859
2023-06-30,126 - OTHER CHRONIC CONDITIONS,42796,4.8805799765755875
2023-06-30,128 - HEALTHY CHILD (2-5),40209,4.5855509925723865
2023-06-30,129 - HEALTHY MALE (6-15),50906,5.805467900914967
2023-06-30,130 - HEALTHY MALE (16-40),110819,12.638120208059869
2023-06-30,131 - HEALTHY MALE (41-64),55160,6.290606400315671
2023-06-30,132 - HEALTHY MALE (65-69),7132,0.8133539674954924
2023-06-30,133 - HEALTHY MALE (70-74),4362,0.49745513267180846
2023-06-30,134 - HEALTHY MALE (75-79),2856,0.3257065242803038
2023-06-30,135 - HEALTHY MALE (80-84),1427,0.16273921923949353
2023-06-30,136 - HEALTHY MALE (85+),1113,0.12692974843276544
2023-06-30,137 - HEALTHY FEMALE (6-15),50073,5.710470164666544
2023-06-30,138 - HEALTHY FEMALE (16-40),118058,13.463676765925806
2023-06-30,139 - HEALTHY FEMALE (41-64),56642,6.459617979091374
2023-06-30,140 - HEALTHY FEMALE (65-69),8074,0.9207823799156767
2023-06-30,141 - HEALTHY FEMALE (70-74),4937,0.563029800550371
2023-06-30,142 - HEALTHY FEMALE (75-79),3568,0.40690506954906297
2023-06-30,143 - HEALTHY FEMALE (80-84),2304,0.2627548431168837
2023-06-30,144 - HEALTHY FEMALE (85+),2098,0.23926200558125957
2023-06-30,145 - OTHER HEALTHY (UNKNOWN AGE OR GENDER),3371,0.38443861811936414
2023-07-31,101 - MAJOR PSYCHOSIS,4994,0.5735318606480657
2023-07-31,102 - SEVERE DEMENTIA,7689,0.8830369396321541
2023-07-31,103 - CANCER,22187,2.5480479359628823
2023-07-31,104 - RENAL FAILURE AND/OR POST KIDNEY TRANSPLANT,24373,2.799097324704707
2023-07-31,"105 - LIVER DISEASE (HEPATITIS, CIRRHOSIS) – POST TRANSPLANT",7645,0.8779837954854751
2023-07-31,106 - HIV,1944,0.22325709593509005
2023-07-31,107 - SEVERE RHEUMATIC & OTHER CONNECTIVE TISSUE DISEASE,5552,0.6376149159627675
2023-07-31,108 - SEVERE HEART FAILURE/TRANSPLANT/RHEUMATIC HEART DISEASE/NON-RHEUMATIC VALVULAR HEART DISEASE,14379,1.6513445382976646
2023-07-31,109 - HEMOPHILIA & SICKLE CELL & CHRONIC BLOOD DISORDERS,2409,0.2766596420306749
2023-07-31,110 - BOTH CAD & DIABETES,3942,0.4527157778683771
2023-07-31,111 - CAD,6896,0.7919655008067804
2023-07-31,112 - DIABETES,39100,4.490407639435197
2023-07-31,113 - HYPERTENSION (INCLUDES STROKE & PERIPHERAL VASCULAR DISEASE),55823,6.410946947728668
2023-07-31,114 - COPD,3124,0.3587732344142085
2023-07-31,115 - ASTHMA,21181,2.4325146857001765
2023-07-31,116 - NEUROLOGIC DISORDERS,11958,1.3733067660451683
2023-07-31,117 - INTELLECTUAL DISABILITY,10907,1.2526055274506314
2023-07-31,118 - CONGENITAL ANOMALIES,3262,0.37462173196515625
2023-07-31,119 - CYSTIC FIBROSIS,27,0.003100792999098473
2023-07-31,120 - CHRONIC MUSCULOSKETETAL/OSTEO ARTHRITIS/OSTEPOROSIS,12077,1.3869732240782318
2023-07-31,"121 - DEPRESSION, SUBSTANCE ABUSE AND OTHER MENTAL HEALTH DISORDER",34018,3.906769490493773
2023-07-31,122 - GASTROINTESTINAL  DISORDERS,6342,0.7283418222326858
2023-07-31,123 - THYROID DISORDERS,9481,1.0888377194241712
2023-07-31,124 - DERMATOLOGIC DISORDERS,1097,0.12598407111151944
2023-07-31,126 - OTHER CHRONIC CONDITIONS,42344,4.8629621760676205
2023-07-31,128 - HEALTHY CHILD (2-5),40041,4.598476017663035
2023-07-31,129 - HEALTHY MALE (6-15),50541,5.804339961756886
2023-07-31,130 - HEALTHY MALE (16-40),109072,12.526284962876616
2023-07-31,131 - HEALTHY MALE (41-64),55112,6.329292732085742
2023-07-31,132 - HEALTHY MALE (65-69),7198,0.8266484447226226
2023-07-31,133 - HEALTHY MALE (70-74),4353,0.49991673796576497
2023-07-31,134 - HEALTHY MALE (75-79),2853,0.327650460238072
2023-07-31,135 - HEALTHY MALE (80-84),1495,0.17169205680193397
2023-07-31,136 - HEALTHY MALE (85+),1102,0.12655829203727842
2023-07-31,137 - HEALTHY FEMALE (6-15),49422,5.675829318572028
2023-07-31,138 - HEALTHY FEMALE (16-40),115787,13.297463666170922
2023-07-31,139 - HEALTHY FEMALE (41-64),56736,6.515799688772258
2023-07-31,140 - HEALTHY FEMALE (65-69),8048,0.9242660021016486
2023-07-31,141 - HEALTHY FEMALE (70-74),5038,0.5785850047947447
2023-07-31,142 - HEALTHY FEMALE (75-79),3563,0.40918983169584666
2023-07-31,143 - HEALTHY FEMALE (80-84),2238,0.2570212863697179
2023-07-31,144 - HEALTHY FEMALE (85+),2028,0.23290400748784088
2023-07-31,145 - OTHER HEALTHY (UNKNOWN AGE OR GENDER),3367,0.3866803714060948
2023-08-31,101 - MAJOR PSYCHOSIS,4971,0.573956838353387
2023-08-31,102 - SEVERE DEMENTIA,7736,0.8932066186887552
2023-08-31,103 - CANCER,22282,2.572702931440388
2023-08-31,104 - RENAL FAILURE AND/OR POST KIDNEY TRANSPLANT,24978,2.883985899897586
2023-08-31,"105 - LIVER DISEASE (HEPATITIS, CIRRHOSIS) – POST TRANSPLANT",7769,0.8970168330652712
2023-08-31,106 - HIV,2005,0.2314993886337841
2023-08-31,107 - SEVERE RHEUMATIC & OTHER CONNECTIVE TISSUE DISEASE,5659,0.653394035051663
2023-08-31,108 - SEVERE HEART FAILURE/TRANSPLANT/RHEUMATIC HEART DISEASE/NON-RHEUMATIC VALVULAR HEART DISEASE,14445,1.667834747538659
2023-08-31,109 - HEMOPHILIA & SICKLE CELL & CHRONIC BLOOD DISORDERS,2397,0.2767601169851275
2023-08-31,110 - BOTH CAD & DIABETES,3971,0.45849579664077644
2023-08-31,111 - CAD,6827,0.7882525317719922
2023-08-31,112 - DIABETES,39224,4.528843900135436
2023-08-31,113 - HYPERTENSION (INCLUDES STROKE & PERIPHERAL VASCULAR DISEASE),55659,6.42644612068219
2023-08-31,114 - COPD,3288,0.3796359051510635
2023-08-31,115 - ASTHMA,21135,2.4402691165960237
2023-08-31,116 - NEUROLOGIC DISORDERS,11921,1.3764110782560302
2023-08-31,117 - INTELLECTUAL DISABILITY,11207,1.2939718944732264
2023-08-31,118 - CONGENITAL ANOMALIES,3329,0.3843698078612805
2023-08-31,119 - CYSTIC FIBROSIS,22,0.002540142917677432
2023-08-31,120 - CHRONIC MUSCULOSKETETAL/OSTEO ARTHRITIS/OSTEPOROSIS,12077,1.3944230007631975
2023-08-31,"121 - DEPRESSION, SUBSTANCE ABUSE AND OTHER MENTAL HEALTH DISORDER",33725,3.8939236317577905
2023-08-31,122 - GASTROINTESTINAL  DISORDERS,6644,0.7671231611385845
2023-08-31,123 - THYROID DISORDERS,9281,1.0715939281347384
2023-08-31,124 - DERMATOLOGIC DISORDERS,1067,0.12319693150735546
2023-08-31,126 - OTHER CHRONIC CONDITIONS,42704,4.93064832529532
2023-08-31,128 - HEALTHY CHILD (2-5),39751,4.589691869117981
2023-08-31,129 - HEALTHY MALE (6-15),50101,5.784713650843501
2023-08-31,130 - HEALTHY MALE (16-40),107776,12.443929231618313
2023-08-31,131 - HEALTHY MALE (41-64),54168,6.254293707488688
2023-08-31,132 - HEALTHY MALE (65-69),7169,0.827740208037705
2023-08-31,133 - HEALTHY MALE (70-74),4365,0.503987447075545
2023-08-31,134 - HEALTHY MALE (75-79),2788,0.3219053842947582
2023-08-31,135 - HEALTHY MALE (80-84),1466,0.16926588715068705
2023-08-31,136 - HEALTHY MALE (85+),1148,0.1325492758860769
2023-08-31,137 - HEALTHY FEMALE (6-15),49594,5.726174902695207
2023-08-31,138 - HEALTHY FEMALE (16-40),114089,13.172834787950025
2023-08-31,139 - HEALTHY FEMALE (41-64),55883,6.452309394025815
2023-08-31,140 - HEALTHY FEMALE (65-69),7841,0.9053300280685792
2023-08-31,141 - HEALTHY FEMALE (70-74),4985,0.5755732929373636
2023-08-31,142 - HEALTHY FEMALE (75-79),3531,0.4076929382872278
2023-08-31,143 - HEALTHY FEMALE (80-84),2131,0.24604747988957307
2023-08-31,144 - HEALTHY FEMALE (85+),2030,0.23438591467659942
2023-08-31,145 - OTHER HEALTHY (UNKNOWN AGE OR GENDER),2954,0.34107191721905156
2023-09-30,101 - MAJOR PSYCHOSIS,5109,0.5918839263371549
2023-09-30,102 - SEVERE DEMENTIA,7689,0.8907800958321362
2023-09-30,103 - CANCER,22256,2.5783849411939164
2023-09-30,104 - RENAL FAILURE AND/OR POST KIDNEY TRANSPLANT,25064,2.9036951907838033
2023-09-30,"105 - LIVER DISEASE (HEPATITIS, CIRRHOSIS) – POST TRANSPLANT",7774,0.9006274502534825
2023-09-30,106 - HIV,2009,0.23274511802923156
2023-09-30,107 - SEVERE RHEUMATIC & OTHER CONNECTIVE TISSUE DISEASE,5603,0.6491144332094497
2023-09-30,108 - SEVERE HEART FAILURE/TRANSPLANT/RHEUMATIC HEART DISEASE/NON-RHEUMATIC VALVULAR HEART DISEASE,14517,1.6818122839374587
2023-09-30,109 - HEMOPHILIA & SICKLE CELL & CHRONIC BLOOD DISORDERS,2404,0.2785063532813702
2023-09-30,110 - BOTH CAD & DIABETES,3908,0.4527466009249562
2023-09-30,111 - CAD,6697,0.7758556771736007
2023-09-30,112 - DIABETES,39545,4.581336830495751
2023-09-30,113 - HYPERTENSION (INCLUDES STROKE & PERIPHERAL VASCULAR DISEASE),55428,6.421401892545668
2023-09-30,114 - COPD,3059,0.3543889079399798
2023-09-30,115 - ASTHMA,21028,2.4361196326125842
2023-09-30,116 - NEUROLOGIC DISORDERS,11690,1.35430086100633
2023-09-30,117 - INTELLECTUAL DISABILITY,11141,1.2906985365672818
2023-09-30,118 - CONGENITAL ANOMALIES,3318,0.38439437611796434
2023-09-30,119 - CYSTIC FIBROSIS,22,0.0025487270267013913
2023-09-30,120 - CHRONIC MUSCULOSKETETAL/OSTEO ARTHRITIS/OSTEPOROSIS,12208,1.4143117973622992
2023-09-30,"121 - DEPRESSION, SUBSTANCE ABUSE AND OTHER MENTAL HEALTH DISORDER",33352,3.863870172479309
2023-09-30,122 - GASTROINTESTINAL  DISORDERS,6477,0.7503684069065869
2023-09-30,123 - THYROID DISORDERS,9213,1.0673373680454508
2023-09-30,124 - DERMATOLOGIC DISORDERS,988,0.11446101374458975
2023-09-30,126 - OTHER CHRONIC CONDITIONS,42249,4.894598552323049
2023-09-30,128 - HEALTHY CHILD (2-5),39589,4.586434284549154
2023-09-30,129 - HEALTHY MALE (6-15),49806,5.770086285994977
2023-09-30,130 - HEALTHY MALE (16-40),107745,12.482390613270063
2023-09-30,131 - HEALTHY MALE (41-64),53761,6.228277894658795
2023-09-30,132 - HEALTHY MALE (65-69),6997,0.8106110457195288
2023-09-30,133 - HEALTHY MALE (70-74),4343,0.5031418853165519
2023-09-30,134 - HEALTHY MALE (75-79),2819,0.32658461310323733
2023-09-30,135 - HEALTHY MALE (80-84),1465,0.16972204973261537
2023-09-30,136 - HEALTHY MALE (85+),1159,0.13427157381576876
2023-09-30,137 - HEALTHY FEMALE (6-15),49342,5.716331315977275
2023-09-30,138 - HEALTHY FEMALE (16-40),114893,13.310495194491043
2023-09-30,139 - HEALTHY FEMALE (41-64),55062,6.379000342919635
2023-09-30,140 - HEALTHY FEMALE (65-69),8038,0.931212174573899
2023-09-30,141 - HEALTHY FEMALE (70-74),4979,0.5768232666339194
2023-09-30,142 - HEALTHY FEMALE (75-79),3517,0.4074487705867633
2023-09-30,143 - HEALTHY FEMALE (80-84),2140,0.2479216289609535
2023-09-30,144 - HEALTHY FEMALE (85+),2004,0.23216586188679944
2023-09-30,145 - OTHER HEALTHY (UNKNOWN AGE OR GENDER),2769,0.320792051678916
2023-10-31,101 - MAJOR PSYCHOSIS,5074,0.5941118063621716
2023-10-31,102 - SEVERE DEMENTIA,7566,0.885898684851437
2023-10-31,103 - CANCER,22399,2.622686312713103
2023-10-31,104 - RENAL FAILURE AND/OR POST KIDNEY TRANSPLANT,25139,2.9435113717261796
2023-10-31,"105 - LIVER DISEASE (HEPATITIS, CIRRHOSIS) – POST TRANSPLANT",7793,0.912477987185732
2023-10-31,106 - HIV,1993,0.23335924912885456
2023-10-31,107 - SEVERE RHEUMATIC & OTHER CONNECTIVE TISSUE DISEASE,5586,0.6540615984113305
2023-10-31,108 - SEVERE HEART FAILURE/TRANSPLANT/RHEUMATIC HEART DISEASE/NON-RHEUMATIC VALVULAR HEART DISEASE,14532,1.7015437071452657
2023-10-31,109 - HEMOPHILIA & SICKLE CELL & CHRONIC BLOOD DISORDERS,2387,0.2794924875416838
2023-10-31,110 - BOTH CAD & DIABETES,4006,0.4690602870096294
2023-10-31,111 - CAD,6814,0.7978474277792349
2023-10-31,112 - DIABETES,39221,4.5923648319532395
2023-10-31,113 - HYPERTENSION (INCLUDES STROKE & PERIPHERAL VASCULAR DISEASE),55716,6.52375510509948
2023-10-31,114 - COPD,3170,0.3711735171793623
2023-10-31,115 - ASTHMA,20793,2.4346406759339057
2023-10-31,116 - NEUROLOGIC DISORDERS,11681,1.3677217205590317
2023-10-31,117 - INTELLECTUAL DISABILITY,10916,1.2781483007980816
2023-10-31,118 - CONGENITAL ANOMALIES,3320,0.38873693281876426
2023-10-31,119 - CYSTIC FIBROSIS,15,0.0017563415639402
2023-10-31,120 - CHRONIC MUSCULOSKETETAL/OSTEO ARTHRITIS/OSTEPOROSIS,11938,1.3978137060212072
2023-10-31,"121 - DEPRESSION, SUBSTANCE ABUSE AND OTHER MENTAL HEALTH DISORDER",33729,3.949309640675934
2023-10-31,122 - GASTROINTESTINAL  DISORDERS,6454,0.7556952302446701
2023-10-31,123 - THYROID DISORDERS,9163,1.0728905166922702
2023-10-31,124 - DERMATOLOGIC DISORDERS,1009,0.11814324253437745
2023-10-31,126 - OTHER CHRONIC CONDITIONS,42068,4.925718460789089
2023-10-31,128 - HEALTHY CHILD (2-5),38580,4.517310502454194
2023-10-31,129 - HEALTHY MALE (6-15),49025,5.740309678144554
2023-10-31,130 - HEALTHY MALE (16-40),105759,12.383261830716775
2023-10-31,131 - HEALTHY MALE (41-64),52878,6.191455281201994
2023-10-31,132 - HEALTHY MALE (65-69),7148,0.8369552999363034
2023-10-31,133 - HEALTHY MALE (70-74),4277,0.500791524598149
2023-10-31,134 - HEALTHY MALE (75-79),2819,0.3300751245831616
2023-10-31,135 - HEALTHY MALE (80-84),1437,0.16825752182547118
2023-10-31,136 - HEALTHY MALE (85+),1134,0.13277942223387912
2023-10-31,137 - HEALTHY FEMALE (6-15),48360,5.662445202143205
2023-10-31,138 - HEALTHY FEMALE (16-40),112915,13.221153846153847
2023-10-31,139 - HEALTHY FEMALE (41-64),54649,6.398820675184533
2023-10-31,140 - HEALTHY FEMALE (65-69),7902,0.9252407358836975
2023-10-31,141 - HEALTHY FEMALE (70-74),4853,0.5682350406534528
2023-10-31,142 - HEALTHY FEMALE (75-79),3459,0.40501236464461016
2023-10-31,143 - HEALTHY FEMALE (80-84),2091,0.24483401401326388
2023-10-31,144 - HEALTHY FEMALE (85+),2007,0.23499850125519878
2023-10-31,145 - OTHER HEALTHY (UNKNOWN AGE OR GENDER),2273,0.26614429165573833
2023-11-30,101 - MAJOR PSYCHOSIS,4948,0.5850255682657918
2023-11-30,102 - SEVERE DEMENTIA,7679,0.9079246844609973
2023-11-30,103 - CANCER,22307,2.6374626821554195
2023-11-30,104 - RENAL FAILURE AND/OR POST KIDNEY TRANSPLANT,25183,2.9775058378410333
2023-11-30,"105 - LIVER DISEASE (HEPATITIS, CIRRHOSIS) – POST TRANSPLANT",7863,0.9296798794005499
2023-11-30,106 - HIV,2014,0.23812479678401466
2023-11-30,107 - SEVERE RHEUMATIC & OTHER CONNECTIVE TISSUE DISEASE,5635,0.6662528450237948
2023-11-30,108 - SEVERE HEART FAILURE/TRANSPLANT/RHEUMATIC HEART DISEASE/NON-RHEUMATIC VALVULAR HEART DISEASE,14681,1.735804439715054
2023-11-30,109 - HEMOPHILIA & SICKLE CELL & CHRONIC BLOOD DISORDERS,2298,0.2717034672341935
2023-11-30,110 - BOTH CAD & DIABETES,4004,0.47341195944547904
2023-11-30,111 - CAD,6693,0.7913452159262215
2023-11-30,112 - DIABETES,39008,4.612101327185126
2023-11-30,113 - HYPERTENSION (INCLUDES STROKE & PERIPHERAL VASCULAR DISEASE),55337,6.542756643315302
2023-11-30,114 - COPD,3153,0.3727941828500488
2023-11-30,115 - ASTHMA,20735,2.451597647128373
2023-11-30,116 - NEUROLOGIC DISORDERS,11631,1.3751884366409506
2023-11-30,117 - INTELLECTUAL DISABILITY,10747,1.2706689131270137
2023-11-30,118 - CONGENITAL ANOMALIES,3279,0.38769176199343797
2023-11-30,119 - CYSTIC FIBROSIS,21,0.002482929857231533
2023-11-30,120 - CHRONIC MUSCULOSKETETAL/OSTEO ARTHRITIS/OSTEPOROSIS,11835,1.3993083266826283
2023-11-30,"121 - DEPRESSION, SUBSTANCE ABUSE AND OTHER MENTAL HEALTH DISORDER",33253,3.93166031154858
2023-11-30,122 - GASTROINTESTINAL  DISORDERS,6348,0.7505542254145606
2023-11-30,123 - THYROID DISORDERS,9123,1.0786556708344417
2023-11-30,124 - DERMATOLOGIC DISORDERS,1004,0.11870769412668854
2023-11-30,126 - OTHER CHRONIC CONDITIONS,41881,4.951789778605422
2023-11-30,128 - HEALTHY CHILD (2-5),38029,4.496349501936094
2023-11-30,129 - HEALTHY MALE (6-15),48589,5.744908515858237
2023-11-30,130 - HEALTHY MALE (16-40),104157,12.314977387603086
2023-11-30,131 - HEALTHY MALE (41-64),52106,6.160740149566965
2023-11-30,132 - HEALTHY MALE (65-69),7067,0.8355650143359641
2023-11-30,133 - HEALTHY MALE (70-74),4231,0.5002512488546008
2023-11-30,134 - HEALTHY MALE (75-79),2803,0.33141201856285657
2023-11-30,135 - HEALTHY MALE (80-84),1518,0.17948035825130795
2023-11-30,136 - HEALTHY MALE (85+),1161,0.1372705506783719
2023-11-30,137 - HEALTHY FEMALE (6-15),48002,5.67550471461086
2023-11-30,138 - HEALTHY FEMALE (16-40),112106,13.254825455942774
2023-11-30,139 - HEALTHY FEMALE (41-64),53553,6.3318258402057275
2023-11-30,140 - HEALTHY FEMALE (65-69),7762,0.9177381691348172
2023-11-30,141 - HEALTHY FEMALE (70-74),4740,0.560432739203689
2023-11-30,142 - HEALTHY FEMALE (75-79),3435,0.40613638379001504
2023-11-30,143 - HEALTHY FEMALE (80-84),2073,0.24510064733528422
2023-11-30,144 - HEALTHY FEMALE (85+),1896,0.2241730956814756
2023-11-30,145 - OTHER HEALTHY (UNKNOWN AGE OR GENDER),1887,0.2231089828855192
2023-12-31,101 - MAJOR PSYCHOSIS,5002,0.593508427416245
2023-12-31,102 - SEVERE DEMENTIA,7546,0.8953647727474978
2023-12-31,103 - CANCER,22447,2.663431361497891
2023-12-31,104 - RENAL FAILURE AND/OR POST KIDNEY TRANSPLANT,25220,2.9924595240779084
2023-12-31,"105 - LIVER DISEASE (HEPATITIS, CIRRHOSIS) – POST TRANSPLANT",7814,0.927164104724218
2023-12-31,106 - HIV,1954,0.23185035329295134
2023-12-31,107 - SEVERE RHEUMATIC & OTHER CONNECTIVE TISSUE DISEASE,5547,0.6581749793838286
2023-12-31,108 - SEVERE HEART FAILURE/TRANSPLANT/RHEUMATIC HEART DISEASE/NON-RHEUMATIC VALVULAR HEART DISEASE,14672,1.7408947715016287
2023-12-31,109 - HEMOPHILIA & SICKLE CELL & CHRONIC BLOOD DISORDERS,2334,0.27693895833456933
2023-12-31,110 - BOTH CAD & DIABETES,3902,0.46298878124314025
2023-12-31,111 - CAD,6780,0.8044756373214995
2023-12-31,112 - DIABETES,39064,4.635108598278327
2023-12-31,113 - HYPERTENSION (INCLUDES STROKE & PERIPHERAL VASCULAR DISEASE),55328,6.564900894059576
2023-12-31,114 - COPD,3193,0.37886293657338466
2023-12-31,115 - ASTHMA,20786,2.466346695776503
2023-12-31,116 - NEUROLOGIC DISORDERS,11511,1.3658287700896432
2023-12-31,117 - INTELLECTUAL DISABILITY,10781,1.2792111867202192
2023-12-31,118 - CONGENITAL ANOMALIES,3212,0.3811173668254656
2023-12-31,119 - CYSTIC FIBROSIS,23,0.0027290471472558244
2023-12-31,120 - CHRONIC MUSCULOSKETETAL/OSTEO ARTHRITIS/OSTEPOROSIS,11594,1.375677070664523
2023-12-31,"121 - DEPRESSION, SUBSTANCE ABUSE AND OTHER MENTAL HEALTH DISORDER",32634,3.872161939284634
2023-12-31,122 - GASTROINTESTINAL  DISORDERS,6411,0.7606922287416126
2023-12-31,123 - THYROID DISORDERS,8927,1.059226255806641
2023-12-31,124 - DERMATOLOGIC DISORDERS,974,0.11556921397509448
2023-12-31,126 - OTHER CHRONIC CONDITIONS,42067,4.991427232330903
2023-12-31,128 - HEALTHY CHILD (2-5),38045,4.514199944232515
2023-12-31,129 - HEALTHY MALE (6-15),48828,5.793648439400322
2023-12-31,130 - HEALTHY MALE (16-40),103265,12.252828420059684
2023-12-31,131 - HEALTHY MALE (41-64),51787,6.144746287605973
2023-12-31,132 - HEALTHY MALE (65-69),7103,0.8428009516068748
2023-12-31,133 - HEALTHY MALE (70-74),4170,0.4947881132198603
2023-12-31,134 - HEALTHY MALE (75-79),2751,0.32641776965655533
2023-12-31,135 - HEALTHY MALE (80-84),1498,0.1777440272430098
2023-12-31,136 - HEALTHY MALE (85+),1082,0.12838387014481747
2023-12-31,137 - HEALTHY FEMALE (6-15),47866,5.679503076110752
2023-12-31,138 - HEALTHY FEMALE (16-40),111385,13.216300717264783
2023-12-31,139 - HEALTHY FEMALE (41-64),53283,6.322253006401396
2023-12-31,140 - HEALTHY FEMALE (65-69),7634,0.9058063444413462
2023-12-31,141 - HEALTHY FEMALE (70-74),4818,0.5716760502381983
2023-12-31,142 - HEALTHY FEMALE (75-79),3481,0.4130353530259793
2023-12-31,143 - HEALTHY FEMALE (80-84),2220,0.2634123768220839
2023-12-31,144 - HEALTHY FEMALE (85+),2103,0.24952983263821735
2023-12-31,145 - OTHER HEALTHY (UNKNOWN AGE OR GENDER),1743,0.20681431207247397
2024-01-31,101 - MAJOR PSYCHOSIS,4239,0.4574073774339219
2024-01-31,102 - SEVERE DEMENTIA,6972,0.7523105061262807
2024-01-31,103 - CANCER,21155,2.2827207052641234
2024-01-31,104 - RENAL FAILURE AND/OR POST KIDNEY TRANSPLANT,23459,2.53133278302014
2024-01-31,"105 - LIVER DISEASE (HEPATITIS, CIRRHOSIS) – POST TRANSPLANT",6518,0.70332184149901
2024-01-31,106 - HIV,1735,0.1872143901504729
2024-01-31,107 - SEVERE RHEUMATIC & OTHER CONNECTIVE TISSUE DISEASE,5168,0.5576507021888438
2024-01-31,108 - SEVERE HEART FAILURE/TRANSPLANT/RHEUMATIC HEART DISEASE/NON-RHEUMATIC VALVULAR HEART DISEASE,13378,1.4435470382899287
2024-01-31,109 - HEMOPHILIA & SICKLE CELL & CHRONIC BLOOD DISORDERS,2123,0.22908135463369103
2024-01-31,110 - BOTH CAD & DIABETES,3630,0.3916935079228914
2024-01-31,111 - CAD,6301,0.6799065546617462
2024-01-31,112 - DIABETES,36446,3.9326891431839393
2024-01-31,113 - HYPERTENSION (INCLUDES STROKE & PERIPHERAL VASCULAR DISEASE),50137,5.4100103048843
2024-01-31,114 - COPD,3087,0.33310133855591345
2024-01-31,115 - ASTHMA,18745,2.0226707454585675
2024-01-31,116 - NEUROLOGIC DISORDERS,10548,1.1381771684767654
2024-01-31,117 - INTELLECTUAL DISABILITY,10324,1.1140065498060414
2024-01-31,118 - CONGENITAL ANOMALIES,2896,0.31249156995721583
2024-01-31,119 - CYSTIC FIBROSIS,17,0.001834377309831723
2024-01-31,120 - CHRONIC MUSCULOSKETETAL/OSTEO ARTHRITIS/OSTEPOROSIS,10671,1.1514494278361362
2024-01-31,"121 - DEPRESSION, SUBSTANCE ABUSE AND OTHER MENTAL HEALTH DISORDER",30051,3.2426395610443004
2024-01-31,122 - GASTROINTESTINAL  DISORDERS,5515,0.5950935802189383
2024-01-31,123 - THYROID DISORDERS,8596,0.9275474914890287
2024-01-31,124 - DERMATOLOGIC DISORDERS,954,0.1029409384458508
2024-01-31,126 - OTHER CHRONIC CONDITIONS,37815,4.0804104688992116
2024-01-31,128 - HEALTHY CHILD (2-5),44435,4.794738574257212
2024-01-31,129 - HEALTHY MALE (6-15),59081,6.3751085789510595
2024-01-31,130 - HEALTHY MALE (16-40),123738,13.351892915526925
2024-01-31,131 - HEALTHY MALE (41-64),66441,7.169286049560558
2024-01-31,132 - HEALTHY MALE (65-69),8486,0.9156779912489412
2024-01-31,133 - HEALTHY MALE (70-74),5124,0.5529029020928087
2024-01-31,134 - HEALTHY MALE (75-79),3276,0.3534952980593367
2024-01-31,135 - HEALTHY MALE (80-84),1843,0.1988680812952862
2024-01-31,136 - HEALTHY MALE (85+),1590,0.17156823074308467
2024-01-31,137 - HEALTHY FEMALE (6-15),57938,6.2517736810017865
2024-01-31,138 - HEALTHY FEMALE (16-40),135150,14.583299613162195
2024-01-31,139 - HEALTHY FEMALE (41-64),71621,7.7282316063210486
2024-01-31,140 - HEALTHY FEMALE (65-69),9425,1.0170003614802348
2024-01-31,141 - HEALTHY FEMALE (70-74),6156,0.664260395254358
2024-01-31,142 - HEALTHY FEMALE (75-79),4478,0.4831965643192032
2024-01-31,143 - HEALTHY FEMALE (80-84),2735,0.29511893778763304
2024-01-31,144 - HEALTHY FEMALE (85+),3037,0.3277061111740554
2024-01-31,145 - OTHER HEALTHY (UNKNOWN AGE OR GENDER),1711,0.18462468100718105
2024-02-29,101 - MAJOR PSYCHOSIS,4649,0.49760562747117015
2024-02-29,102 - SEVERE DEMENTIA,7264,0.7775021032373801
2024-02-29,103 - CANCER,21299,2.2797380639940745
2024-02-29,104 - RENAL FAILURE AND/OR POST KIDNEY TRANSPLANT,24009,2.5698028629716765
2024-02-29,"105 - LIVER DISEASE (HEPATITIS, CIRRHOSIS) – POST TRANSPLANT",6849,0.7330825860507731
2024-02-29,106 - HIV,2152,0.23033927948332075
2024-02-29,107 - SEVERE RHEUMATIC & OTHER CONNECTIVE TISSUE DISEASE,5169,0.5532638176808945
2024-02-29,108 - SEVERE HEART FAILURE/TRANSPLANT/RHEUMATIC HEART DISEASE/NON-RHEUMATIC VALVULAR HEART DISEASE,13881,1.4857525736561223
2024-02-29,109 - HEMOPHILIA & SICKLE CELL & CHRONIC BLOOD DISORDERS,2122,0.22712823004814434
2024-02-29,110 - BOTH CAD & DIABETES,3649,0.3905706462986233
2024-02-29,111 - CAD,6302,0.6745344513493899
2024-02-29,112 - DIABETES,38601,4.131657308241479
2024-02-29,113 - HYPERTENSION (INCLUDES STROKE & PERIPHERAL VASCULAR DISEASE),51133,5.4730196922958365
2024-02-29,114 - COPD,3101,0.33191547661606763
2024-02-29,115 - ASTHMA,19276,2.063206297082012
2024-02-29,116 - NEUROLOGIC DISORDERS,10889,1.1655039099878621
2024-02-29,117 - INTELLECTUAL DISABILITY,10349,1.107705020154687
2024-02-29,118 - CONGENITAL ANOMALIES,2884,0.308688885701625
2024-02-29,119 - CYSTIC FIBROSIS,34,0.0036391893598665915
2024-02-29,120 - CHRONIC MUSCULOSKETETAL/OSTEO ARTHRITIS/OSTEPOROSIS,10957,1.1727822887075956
2024-02-29,"121 - DEPRESSION, SUBSTANCE ABUSE AND OTHER MENTAL HEALTH DISORDER",30572,3.272273444407101
2024-02-29,122 - GASTROINTESTINAL  DISORDERS,5585,0.597790369848674
2024-02-29,123 - THYROID DISORDERS,9344,1.0001348640762775
2024-02-29,124 - DERMATOLOGIC DISORDERS,940,0.100612882302194
2024-02-29,126 - OTHER CHRONIC CONDITIONS,39694,4.2486465426630735
2024-02-29,128 - HEALTHY CHILD (2-5),43614,4.668223668859457
2024-02-29,129 - HEALTHY MALE (6-15),58658,6.27845792561925
2024-02-29,130 - HEALTHY MALE (16-40),125474,13.43010722764414
2024-02-29,131 - HEALTHY MALE (41-64),67229,7.195854749249149
2024-02-29,132 - HEALTHY MALE (65-69),8075,0.8643074729683154
2024-02-29,133 - HEALTHY MALE (70-74),4950,0.5298231568041067
2024-02-29,134 - HEALTHY MALE (75-79),3148,0.33694612073117736
2024-02-29,135 - HEALTHY MALE (80-84),1804,0.19309110603527446
2024-02-29,136 - HEALTHY MALE (85+),1423,0.15231077820853411
2024-02-29,137 - HEALTHY FEMALE (6-15),57041,6.105382361063243
2024-02-29,138 - HEALTHY FEMALE (16-40),135596,14.513515307072659
2024-02-29,139 - HEALTHY FEMALE (41-64),70974,7.596700753740338
2024-02-29,140 - HEALTHY FEMALE (65-69),9120,0.9761590282936269
2024-02-29,141 - HEALTHY FEMALE (70-74),5760,0.6165214915538697
2024-02-29,142 - HEALTHY FEMALE (75-79),4213,0.4509383756799397
2024-02-29,143 - HEALTHY FEMALE (80-84),2668,0.2855693297683549
2024-02-29,144 - HEALTHY FEMALE (85+),2757,0.2950954430927116
2024-02-29,145 - OTHER HEALTHY (UNKNOWN AGE OR GENDER),1066,0.1140992899299349
2024-03-31,101 - MAJOR PSYCHOSIS,4754,0.5105629832171482
2024-03-31,102 - SEVERE DEMENTIA,7130,0.765737078321049
2024-03-31,103 - CANCER,21477,2.3065547308697294
2024-03-31,104 - RENAL FAILURE AND/OR POST KIDNEY TRANSPLANT,24337,2.6137087342355354
2024-03-31,"105 - LIVER DISEASE (HEPATITIS, CIRRHOSIS) – POST TRANSPLANT",7038,0.7558565998911
2024-03-31,106 - HIV,2270,0.2437900656085247
2024-03-31,107 - SEVERE RHEUMATIC & OTHER CONNECTIVE TISSUE DISEASE,5129,0.5508366724696577
2024-03-31,108 - SEVERE HEART FAILURE/TRANSPLANT/RHEUMATIC HEART DISEASE/NON-RHEUMATIC VALVULAR HEART DISEASE,14172,1.5220232642308424
2024-03-31,109 - HEMOPHILIA & SICKLE CELL & CHRONIC BLOOD DISORDERS,2176,0.23369479416922895
2024-03-31,110 - BOTH CAD & DIABETES,3708,0.3982262393288148
2024-03-31,111 - CAD,6426,0.6901299390310043
2024-03-31,112 - DIABETES,40155,4.312506645158726
2024-03-31,113 - HYPERTENSION (INCLUDES STROKE & PERIPHERAL VASCULAR DISEASE),51672,5.549392189481801
2024-03-31,114 - COPD,2997,0.3218673245060566
2024-03-31,115 - ASTHMA,19679,2.11345581546703
2024-03-31,116 - NEUROLOGIC DISORDERS,10954,1.1764213121919733
2024-03-31,117 - INTELLECTUAL DISABILITY,10657,1.1445245503039858
2024-03-31,118 - CONGENITAL ANOMALIES,2971,0.3190750153845493
2024-03-31,119 - CYSTIC FIBROSIS,19,0.0020405335887938194
2024-03-31,120 - CHRONIC MUSCULOSKETETAL/OSTEO ARTHRITIS/OSTEPOROSIS,11272,1.2105734006781015
2024-03-31,"121 - DEPRESSION, SUBSTANCE ABUSE AND OTHER MENTAL HEALTH DISORDER",31033,3.332835729528347
2024-03-31,122 - GASTROINTESTINAL  DISORDERS,5571,0.5983059275352824
2024-03-31,123 - THYROID DISORDERS,9700,1.0417460953315814
2024-03-31,124 - DERMATOLOGIC DISORDERS,954,0.10245626545838439
2024-03-31,126 - OTHER CHRONIC CONDITIONS,40734,4.374689221364601
2024-03-31,128 - HEALTHY CHILD (2-5),43185,4.637918054319004
2024-03-31,129 - HEALTHY MALE (6-15),57854,6.213317381372506
2024-03-31,130 - HEALTHY MALE (16-40),124744,13.397069578973483
2024-03-31,131 - HEALTHY MALE (41-64),65399,7.023624009132999
2024-03-31,132 - HEALTHY MALE (65-69),7944,0.8531578331251631
2024-03-31,133 - HEALTHY MALE (70-74),4817,0.5173289630115698
2024-03-31,134 - HEALTHY MALE (75-79),3128,0.33593626661826664
2024-03-31,135 - HEALTHY MALE (80-84),1677,0.18010393833722288
2024-03-31,136 - HEALTHY MALE (85+),1339,0.14380391975762757
2024-03-31,137 - HEALTHY FEMALE (6-15),56658,6.084871161783169
2024-03-31,138 - HEALTHY FEMALE (16-40),135335,14.534505959969026
2024-03-31,139 - HEALTHY FEMALE (41-64),68564,7.363533946424179
2024-03-31,140 - HEALTHY FEMALE (65-69),8731,0.9376788823030965
2024-03-31,141 - HEALTHY FEMALE (70-74),5489,0.589499414152067
2024-03-31,142 - HEALTHY FEMALE (75-79),4091,0.4393591006187113
2024-03-31,143 - HEALTHY FEMALE (80-84),2483,0.26666552110395014
2024-03-31,144 - HEALTHY FEMALE (85+),2642,0.2837415653470142
2024-03-31,145 - OTHER HEALTHY (UNKNOWN AGE OR GENDER),64,0.00687337629909497
2024-04-30,101 - MAJOR PSYCHOSIS,4808,0.5187127121295487
2024-04-30,102 - SEVERE DEMENTIA,7267,0.7840027618646902
2024-04-30,103 - CANCER,21537,2.3235265559763083
2024-04-30,104 - RENAL FAILURE AND/OR POST KIDNEY TRANSPLANT,24857,2.681705882987561
2024-04-30,"105 - LIVER DISEASE (HEPATITIS, CIRRHOSIS) – POST TRANSPLANT",7340,0.7918783916453594
2024-04-30,106 - HIV,2350,0.25353054773386846
2024-04-30,107 - SEVERE RHEUMATIC & OTHER CONNECTIVE TISSUE DISEASE,5266,0.5681241976027878
2024-04-30,108 - SEVERE HEART FAILURE/TRANSPLANT/RHEUMATIC HEART DISEASE/NON-RHEUMATIC VALVULAR HEART DISEASE,14222,1.5343452978174794
2024-04-30,109 - HEMOPHILIA & SICKLE CELL & CHRONIC BLOOD DISORDERS,2145,0.2314140531443182
2024-04-30,110 - BOTH CAD & DIABETES,3674,0.39637073718052457
2024-04-30,111 - CAD,6396,0.690034631193967
2024-04-30,112 - DIABETES,40508,4.370219330895124
2024-04-30,113 - HYPERTENSION (INCLUDES STROKE & PERIPHERAL VASCULAR DISEASE),52064,5.61694231370899
2024-04-30,114 - COPD,2966,0.31998791684198036
2024-04-30,115 - ASTHMA,19809,2.137100689387319
2024-04-30,116 - NEUROLOGIC DISORDERS,11095,1.1969878413222426
2024-04-30,117 - INTELLECTUAL DISABILITY,10629,1.146713273133314
2024-04-30,118 - CONGENITAL ANOMALIES,3083,0.3326105015589431
2024-04-30,119 - CYSTIC FIBROSIS,24,0.002589248147069295
2024-04-30,120 - CHRONIC MUSCULOSKETETAL/OSTEO ARTHRITIS/OSTEPOROSIS,11206,1.2089631140024382
2024-04-30,"121 - DEPRESSION, SUBSTANCE ABUSE AND OTHER MENTAL HEALTH DISORDER",31025,3.3471426567843694
2024-04-30,122 - GASTROINTESTINAL  DISORDERS,5741,0.6193697338468676
2024-04-30,123 - THYROID DISORDERS,9709,1.047458760828991
2024-04-30,124 - DERMATOLOGIC DISORDERS,925,0.09979393900162907
2024-04-30,126 - OTHER CHRONIC CONDITIONS,41541,4.4816648865585655
2024-04-30,128 - HEALTHY CHILD (2-5),42764,4.613608656719639
2024-04-30,129 - HEALTHY MALE (6-15),57529,6.206535693864561
2024-04-30,130 - HEALTHY MALE (16-40),123713,13.346819000765986
2024-04-30,131 - HEALTHY MALE (41-64),64312,6.938321951430019
2024-04-30,132 - HEALTHY MALE (65-69),7700,0.8307171138513987
2024-04-30,133 - HEALTHY MALE (70-74),4687,0.505658586054741
2024-04-30,134 - HEALTHY MALE (75-79),3096,0.33401301097193903
2024-04-30,135 - HEALTHY MALE (80-84),1781,0.1921437895804339
2024-04-30,136 - HEALTHY MALE (85+),1311,0.14143768003366022
2024-04-30,137 - HEALTHY FEMALE (6-15),55899,6.030682590542772
2024-04-30,138 - HEALTHY FEMALE (16-40),133537,14.406684575633017
2024-04-30,139 - HEALTHY FEMALE (41-64),67081,7.2370564563981405
2024-04-30,140 - HEALTHY FEMALE (65-69),8707,0.9393576506888478
2024-04-30,141 - HEALTHY FEMALE (70-74),5387,0.5811783236775955
2024-04-30,142 - HEALTHY FEMALE (75-79),4106,0.4429772038277718
2024-04-30,143 - HEALTHY FEMALE (80-84),2384,0.25719864927555
2024-04-30,144 - HEALTHY FEMALE (85+),2652,0.28611192025115706
2024-04-30,145 - OTHER HEALTHY (UNKNOWN AGE OR GENDER),77,0.008307171138513987
2024-05-31,101 - MAJOR PSYCHOSIS,4816,0.5236609730134101
2024-05-31,102 - SEVERE DEMENTIA,7183,0.7810333822996938
2024-05-31,103 - CANCER,21578,2.3462534210305988
2024-05-31,104 - RENAL FAILURE AND/OR POST KIDNEY TRANSPLANT,24995,2.7177961005959688
2024-05-31,"105 - LIVER DISEASE (HEPATITIS, CIRRHOSIS) – POST TRANSPLANT",7335,0.7975608880924757
2024-05-31,106 - HIV,2410,0.262047953688189
2024-05-31,107 - SEVERE RHEUMATIC & OTHER CONNECTIVE TISSUE DISEASE,5453,0.592924270316056
2024-05-31,108 - SEVERE HEART FAILURE/TRANSPLANT/RHEUMATIC HEART DISEASE/NON-RHEUMATIC VALVULAR HEART DISEASE,14138,1.5372755059102143
2024-05-31,109 - HEMOPHILIA & SICKLE CELL & CHRONIC BLOOD DISORDERS,2159,0.23475582241195025
2024-05-31,110 - BOTH CAD & DIABETES,3624,0.3940505328489614
2024-05-31,111 - CAD,6431,0.6992657220617194
2024-05-31,112 - DIABETES,40592,4.413713915398743
2024-05-31,113 - HYPERTENSION (INCLUDES STROKE & PERIPHERAL VASCULAR DISEASE),52846,5.746135336351053
2024-05-31,114 - COPD,3059,0.33261605407973865
2024-05-31,115 - ASTHMA,20227,2.199354339938174
2024-05-31,116 - NEUROLOGIC DISORDERS,10847,1.1794332587783345
2024-05-31,117 - INTELLECTUAL DISABILITY,10739,1.1676900309782001
2024-05-31,118 - CONGENITAL ANOMALIES,3075,0.3343557915316105
2024-05-31,119 - CYSTIC FIBROSIS,25,0.002718339768549679
2024-05-31,120 - CHRONIC MUSCULOSKETETAL/OSTEO ARTHRITIS/OSTEPOROSIS,11236,1.2217306255769678
2024-05-31,"121 - DEPRESSION, SUBSTANCE ABUSE AND OTHER MENTAL HEALTH DISORDER",30904,3.360302888290371
2024-05-31,122 - GASTROINTESTINAL  DISORDERS,5719,0.6218474054534245
2024-05-31,123 - THYROID DISORDERS,9618,1.0457996757564325
2024-05-31,124 - DERMATOLOGIC DISORDERS,937,0.10188337452524197
2024-05-31,126 - OTHER CHRONIC CONDITIONS,41436,4.505485065984979
2024-05-31,128 - HEALTHY CHILD (2-5),41983,4.564962340120847
2024-05-31,129 - HEALTHY MALE (6-15),56910,6.188028649126489
2024-05-31,130 - HEALTHY MALE (16-40),121926,13.257451784807525
2024-05-31,131 - HEALTHY MALE (41-64),63243,6.876638479295494
2024-05-31,132 - HEALTHY MALE (65-69),7700,0.8372486487133011
2024-05-31,133 - HEALTHY MALE (70-74),4658,0.5064810656761761
2024-05-31,134 - HEALTHY MALE (75-79),2976,0.32359116604815374
2024-05-31,135 - HEALTHY MALE (80-84),1700,0.18484710426137815
2024-05-31,136 - HEALTHY MALE (85+),1303,0.14167986873680924
2024-05-31,137 - HEALTHY FEMALE (6-15),55236,6.006008618224403
2024-05-31,138 - HEALTHY FEMALE (16-40),131843,14.335762804195811
2024-05-31,139 - HEALTHY FEMALE (41-64),65898,7.165326162715468
2024-05-31,140 - HEALTHY FEMALE (65-69),8605,0.9356525483347995
2024-05-31,141 - HEALTHY FEMALE (70-74),5420,0.5893360618215704
2024-05-31,142 - HEALTHY FEMALE (75-79),3926,0.42688807725304156
2024-05-31,143 - HEALTHY FEMALE (80-84),2342,0.25465406951773395
2024-05-31,144 - HEALTHY FEMALE (85+),2560,0.2783579922994871
2024-05-31,145 - OTHER HEALTHY (UNKNOWN AGE OR GENDER),68,0.0073938841704551264
2024-06-30,101 - MAJOR PSYCHOSIS,4876,0.5328187268954349
2024-06-30,102 - SEVERE DEMENTIA,7209,0.7877543482750595
2024-06-30,103 - CANCER,21593,2.359547737869796
2024-06-30,104 - RENAL FAILURE AND/OR POST KIDNEY TRANSPLANT,24942,2.7255054729749664
2024-06-30,"105 - LIVER DISEASE (HEPATITIS, CIRRHOSIS) – POST TRANSPLANT",7262,0.7935458561760969
2024-06-30,106 - HIV,2479,0.2708895865409727
2024-06-30,107 - SEVERE RHEUMATIC & OTHER CONNECTIVE TISSUE DISEASE,5320,0.5813362647833703
2024-06-30,108 - SEVERE HEART FAILURE/TRANSPLANT/RHEUMATIC HEART DISEASE/NON-RHEUMATIC VALVULAR HEART DISEASE,14250,1.5571507092411703
2024-06-30,109 - HEMOPHILIA & SICKLE CELL & CHRONIC BLOOD DISORDERS,2157,0.2357034441988214
2024-06-30,110 - BOTH CAD & DIABETES,3651,0.3989584027676851
2024-06-30,111 - CAD,6339,0.6926861997108618
2024-06-30,112 - DIABETES,40371,4.411489914580722
2024-06-30,113 - HYPERTENSION (INCLUDES STROKE & PERIPHERAL VASCULAR DISEASE),52595,5.7472520387746915
2024-06-30,114 - COPD,3033,0.33142723516691014
2024-06-30,115 - ASTHMA,20235,2.211154007122462
2024-06-30,116 - NEUROLOGIC DISORDERS,10813,1.1815768855455984
2024-06-30,117 - INTELLECTUAL DISABILITY,10651,1.1638745406405409
2024-06-30,118 - CONGENITAL ANOMALIES,3048,0.33306634117663775
2024-06-30,119 - CYSTIC FIBROSIS,25,0.002731843349545913
2024-06-30,120 - CHRONIC MUSCULOSKETETAL/OSTEO ARTHRITIS/OSTEPOROSIS,11253,1.2296573284976064
2024-06-30,"121 - DEPRESSION, SUBSTANCE ABUSE AND OTHER MENTAL HEALTH DISORDER",31128,3.4014727913866074
2024-06-30,122 - GASTROINTESTINAL  DISORDERS,5653,0.6177244181993219
2024-06-30,123 - THYROID DISORDERS,9550,1.0435641595265388
2024-06-30,124 - DERMATOLOGIC DISORDERS,991,0.10829027037599999
2024-06-30,126 - OTHER CHRONIC CONDITIONS,41540,4.5392309096054895
2024-06-30,128 - HEALTHY CHILD (2-5),41948,4.583814593070079
2024-06-30,129 - HEALTHY MALE (6-15),56144,6.13506452067623
2024-06-30,130 - HEALTHY MALE (16-40),120840,13.204638014365125
2024-06-30,131 - HEALTHY MALE (41-64),63233,6.909706020873468
2024-06-30,132 - HEALTHY MALE (65-69),7607,0.8312452943998304
2024-06-30,133 - HEALTHY MALE (70-74),4654,0.5085599579514672
2024-06-30,134 - HEALTHY MALE (75-79),3023,0.3303344978270918
2024-06-30,135 - HEALTHY MALE (80-84),1705,0.18631171643903127
2024-06-30,136 - HEALTHY MALE (85+),1294,0.14140021177249645
2024-06-30,137 - HEALTHY FEMALE (6-15),54837,5.992243750361969
2024-06-30,138 - HEALTHY FEMALE (16-40),130576,14.268527088412286
2024-06-30,139 - HEALTHY FEMALE (41-64),65434,7.15021750936749
2024-06-30,140 - HEALTHY FEMALE (65-69),8525,0.9315585821951564
2024-06-30,141 - HEALTHY FEMALE (70-74),5434,0.5937934704572997
2024-06-30,142 - HEALTHY FEMALE (75-79),3989,0.43589292485354586
2024-06-30,143 - HEALTHY FEMALE (80-84),2378,0.25985293940880727
2024-06-30,144 - HEALTHY FEMALE (85+),2479,0.2708895865409727
2024-06-30,145 - OTHER HEALTHY (UNKNOWN AGE OR GENDER),69,0.00753988764474672
2024-07-31,101 - MAJOR PSYCHOSIS,4358,0.5332295750314456
2024-07-31,102 - SEVERE DEMENTIA,6790,0.8308005540301779
2024-07-31,103 - CANCER,19387,2.3721252343126746
2024-07-31,104 - RENAL FAILURE AND/OR POST KIDNEY TRANSPLANT,23615,2.8894484658943527
2024-07-31,"105 - LIVER DISEASE (HEPATITIS, CIRRHOSIS) – POST TRANSPLANT",6388,0.7816132458239731
2024-07-31,106 - HIV,2137,0.2614758150165671
2024-07-31,107 - SEVERE RHEUMATIC & OTHER CONNECTIVE TISSUE DISEASE,4826,0.5904924114506096
2024-07-31,108 - SEVERE HEART FAILURE/TRANSPLANT/RHEUMATIC HEART DISEASE/NON-RHEUMATIC VALVULAR HEART DISEASE,13375,1.636518028004953
2024-07-31,109 - HEMOPHILIA & SICKLE CELL & CHRONIC BLOOD DISORDERS,1994,0.24397883722182254
2024-07-31,110 - BOTH CAD & DIABETES,3456,0.4228640227876723
2024-07-31,111 - CAD,5887,0.7203126452983296
2024-07-31,112 - DIABETES,36674,4.487301843667562
2024-07-31,113 - HYPERTENSION (INCLUDES STROKE & PERIPHERAL VASCULAR DISEASE),49188,6.018470935439823
2024-07-31,114 - COPD,2863,0.3503066253591163
2024-07-31,115 - ASTHMA,18332,2.2430391393934057
2024-07-31,116 - NEUROLOGIC DISORDERS,9666,1.182697813734271
2024-07-31,117 - INTELLECTUAL DISABILITY,9710,1.188081499209577
2024-07-31,118 - CONGENITAL ANOMALIES,2633,0.32216463310183485
2024-07-31,119 - CYSTIC FIBROSIS,21,0.0025694862495778703
2024-07-31,120 - CHRONIC MUSCULOSKETETAL/OSTEO ARTHRITIS/OSTEPOROSIS,10478,1.282051282051282
2024-07-31,"121 - DEPRESSION, SUBSTANCE ABUSE AND OTHER MENTAL HEALTH DISORDER",28849,3.529862324479618
2024-07-31,122 - GASTROINTESTINAL  DISORDERS,4937,0.6040739816269497
2024-07-31,123 - THYROID DISORDERS,8578,1.0495739547085223
2024-07-31,124 - DERMATOLOGIC DISORDERS,881,0.10779606599419542
2024-07-31,126 - OTHER CHRONIC CONDITIONS,37710,4.6140631653134045
2024-07-31,128 - HEALTHY CHILD (2-5),37027,4.530493683958086
2024-07-31,129 - HEALTHY MALE (6-15),49842,6.098492078640962
2024-07-31,130 - HEALTHY MALE (16-40),105644,12.926228826209737
2024-07-31,131 - HEALTHY MALE (41-64),56177,6.873620430596953
2024-07-31,132 - HEALTHY MALE (65-69),6738,0.8244380166502708
2024-07-31,133 - HEALTHY MALE (70-74),4127,0.504965226286089
2024-07-31,134 - HEALTHY MALE (75-79),2740,0.33525677732587444
2024-07-31,135 - HEALTHY MALE (80-84),1515,0.18537007943383205
2024-07-31,136 - HEALTHY MALE (85+),1101,0.13471449337072547
2024-07-31,137 - HEALTHY FEMALE (6-15),48743,5.964022298246387
2024-07-31,138 - HEALTHY FEMALE (16-40),112739,13.794348109102833
2024-07-31,139 - HEALTHY FEMALE (41-64),57737,7.064496551994166
2024-07-31,140 - HEALTHY FEMALE (65-69),7695,0.9415331757381767
2024-07-31,141 - HEALTHY FEMALE (70-74),4777,0.5844969435349279
2024-07-31,142 - HEALTHY FEMALE (75-79),3472,0.42482172659687456
2024-07-31,143 - HEALTHY FEMALE (80-84),2213,0.27077490811027743
2024-07-31,144 - HEALTHY FEMALE (85+),2206,0.2699184126937515
2024-07-31,145 - OTHER HEALTHY (UNKNOWN AGE OR GENDER),58,0.007096676308357927
2024-08-31,101 - MAJOR PSYCHOSIS,3902,0.7077982974385393
2024-08-31,102 - SEVERE DEMENTIA,2137,0.3876383807345357
2024-08-31,103 - CANCER,7440,1.3495692806106439
2024-08-31,104 - RENAL FAILURE AND/OR POST KIDNEY TRANSPLANT,8547,1.5503721292176307
2024-08-31,"105 - LIVER DISEASE (HEPATITIS, CIRRHOSIS) – POST TRANSPLANT",3599,0.6528360001233477
2024-08-31,106 - HIV,1730,0.3138111364860771
2024-08-31,107 - SEVERE RHEUMATIC & OTHER CONNECTIVE TISSUE DISEASE,2544,0.4614656249829943
2024-08-31,108 - SEVERE HEART FAILURE/TRANSPLANT/RHEUMATIC HEART DISEASE/NON-RHEUMATIC VALVULAR HEART DISEASE,5626,1.0205210716015434
2024-08-31,109 - HEMOPHILIA & SICKLE CELL & CHRONIC BLOOD DISORDERS,1101,0.19971448628391383
2024-08-31,110 - BOTH CAD & DIABETES,1366,0.2477838222196424
2024-08-31,111 - CAD,2089,0.3789314821499509
2024-08-31,112 - DIABETES,20976,3.8049146814635573
2024-08-31,113 - HYPERTENSION (INCLUDES STROKE & PERIPHERAL VASCULAR DISEASE),22635,4.1058468637932695
2024-08-31,114 - COPD,1509,0.2737231242528846
2024-08-31,115 - ASTHMA,14563,2.6416367518189254
2024-08-31,116 - NEUROLOGIC DISORDERS,7297,1.3236299785774015
2024-08-31,117 - INTELLECTUAL DISABILITY,8632,1.5657905954611664
2024-08-31,118 - CONGENITAL ANOMALIES,2262,0.41031259579855867
2024-08-31,119 - CYSTIC FIBROSIS,19,0.003446480689731483
2024-08-31,120 - CHRONIC MUSCULOSKETETAL/OSTEO ARTHRITIS/OSTEPOROSIS,5580,1.0121769604579829
2024-08-31,"121 - DEPRESSION, SUBSTANCE ABUSE AND OTHER MENTAL HEALTH DISORDER",22661,4.110563100526586
2024-08-31,122 - GASTROINTESTINAL  DISORDERS,3173,0.5755622751851577
2024-08-31,123 - THYROID DISORDERS,5477,0.9934934072452279
2024-08-31,124 - DERMATOLOGIC DISORDERS,477,0.08652480468431144
2024-08-31,126 - OTHER CHRONIC CONDITIONS,24637,4.46899709225866
2024-08-31,128 - HEALTHY CHILD (2-5),32866,5.961686018353417
2024-08-31,129 - HEALTHY MALE (6-15),42574,7.722656257085692
2024-08-31,130 - HEALTHY MALE (16-40),74548,13.522539076742241
2024-08-31,131 - HEALTHY MALE (41-64),38296,6.946653920734572
2024-08-31,132 - HEALTHY MALE (65-69),3911,0.7094308409231489
2024-08-31,133 - HEALTHY MALE (70-74),2446,0.4436890403728004
2024-08-31,134 - HEALTHY MALE (75-79),1478,0.2680999189170069
2024-08-31,135 - HEALTHY MALE (80-84),841,0.15255211895074616
2024-08-31,136 - HEALTHY MALE (85+),671,0.121715186463675
2024-08-31,137 - HEALTHY FEMALE (6-15),42411,7.693089080642207
2024-08-31,138 - HEALTHY FEMALE (16-40),80911,14.676747320361264
2024-08-31,139 - HEALTHY FEMALE (41-64),38275,6.942844652603816
2024-08-31,140 - HEALTHY FEMALE (65-69),4610,0.836225051561165
2024-08-31,141 - HEALTHY FEMALE (70-74),2865,0.5196930092674052
2024-08-31,142 - HEALTHY FEMALE (75-79),2156,0.39108486142426724
2024-08-31,143 - HEALTHY FEMALE (80-84),1151,0.208784172309523
2024-08-31,144 - HEALTHY FEMALE (85+),1271,0.23055141877098498
2024-08-31,145 - OTHER HEALTHY (UNKNOWN AGE OR GENDER),27,0.004897630453828949
